id_cliente,idade,renda_mensal,tipo_seguro,valor_premio_mensal,satisfacao_ultima_avaliacao,renovado_automaticamente,duracao_dias,satisfacao_score,valor_premio_sobre_renda,interacao_idade_renda,prob_cancelamento,tende_cancelar
333,56,13616.06,Vida,759.35,Alta,1,180.0,2,0.05576870254684542,762499.36,0.5534882396536764,1
1626,27,2723.52,Empresarial,409.6,Alta,0,180.0,2,0.15039360827164847,73535.04,0.6417351107848227,1
897,70,9593.49,Auto,572.58,Alta,1,365.0,2,0.0596842233639687,671544.2999999999,0.4401173044558943,1
188,50,2775.7,Saúde,317.82,Baixa,1,180.0,0,0.1145008466332817,138785.0,0.6437777243502315,1
1065,75,16984.07,Residencial,834.09,Alta,0,180.0,2,0.049110136734010164,1273805.25,0.6735451395245511,1
415,33,10641.16,Saúde,769.63,Média,0,365.0,1,0.0723257614771322,351158.27999999997,0.5002876536577893,1
4678,76,17269.32,Vida,411.28,Alta,0,365.0,2,0.023815645317823746,1312468.32,0.47581078183015757,1
1500,23,5804.48,Saúde,1031.02,Baixa,1,180.0,0,0.17762486906665198,133503.03999999998,0.7924683774651435,1
4153,44,6188.37,Empresarial,1404.16,Baixa,1,365.0,0,0.22690304555157498,272288.27999999997,0.40553726601477386,1
922,73,5987.8,Empresarial,142.51,Baixa,1,365.0,0,0.02380006012224857,437109.4,0.573727490184689,1
2037,32,3494.62,Residencial,536.13,Baixa,0,180.0,0,0.15341582203501383,111827.84,0.7070378253359494,1
1514,22,10704.66,Empresarial,1425.0,Baixa,1,365.0,0,0.13311959464382803,235502.52,0.5375120915342904,1
439,30,14613.43,Saúde,436.74,Baixa,0,180.0,0,0.02988620741331775,438402.9,0.6067419866934971,1
4971,26,7689.89,Vida,1253.92,Média,1,365.0,1,0.1630608500251629,199937.14,0.44630114146423583,1
3927,75,8130.22,Residencial,1272.44,Baixa,0,180.0,0,0.1565074499829033,609766.5,0.49737239528214466,1
3089,37,3417.99,Saúde,416.18,Alta,1,180.0,2,0.12176162013347026,126465.62999999999,0.6023044158473357,1
2950,59,10359.81,Saúde,556.5,Alta,0,365.0,2,0.05371720137724534,611228.7899999999,0.4544589787535422,1
195,66,6011.47,Saúde,606.75,Alta,0,365.0,2,0.10093205156143173,396757.02,0.43811166195184736,1
1567,55,15815.77,Empresarial,924.84,Alta,0,180.0,2,0.0584758124327807,869867.35,0.6039630969429161,1
4021,56,7583.35,Empresarial,1157.44,Alta,0,365.0,2,0.15262911510084592,424667.60000000003,0.4383427057593388,1
4210,31,11922.23,Vida,1105.78,Média,1,180.0,1,0.0927494269109051,369589.13,0.5860084768381671,1
107,66,5386.42,Auto,980.34,Alta,1,180.0,2,0.18200214613788007,355503.72000000003,0.593422989881883,1
3424,73,8370.15,Auto,658.16,Média,1,365.0,1,0.0786318046868933,611020.95,0.6099149054941727,1
230,41,12485.51,Residencial,605.11,Média,0,365.0,1,0.04846498060551792,511905.91000000003,0.5890987115370725,1
1488,80,4434.31,Auto,1405.04,Média,0,365.0,1,0.3168565120616285,354744.80000000005,0.4852462573591445,1
1164,68,2671.72,Auto,603.07,Baixa,1,180.0,0,0.22572350395999585,181676.96,0.6497777985466997,1
4563,71,5331.92,Residencial,302.11,Média,1,365.0,1,0.05666064006961845,378566.32,0.4090311202578392,1
298,28,14035.8,Vida,767.06,Baixa,1,180.0,0,0.05465025149973639,393002.39999999997,0.568546971279079,1
1216,51,8546.1,Vida,988.71,Média,1,180.0,1,0.1156913679924176,435851.10000000003,0.5242015625702795,1
1719,56,15796.56,Vida,281.12,Alta,1,180.0,2,0.01779627969633895,884607.36,0.4977774134315681,1
4977,70,14082.23,Residencial,1495.94,Média,1,365.0,1,0.106228914028531,985756.1,0.5010657905479013,1
4598,43,14935.35,Empresarial,514.76,Baixa,0,365.0,0,0.03446588128165728,642220.05,0.47487862124292246,1
3853,21,15568.1,Auto,916.19,Média,0,180.0,1,0.058850469871082535,326930.10000000003,0.5688692422097601,1
4334,72,8567.36,Empresarial,667.21,Alta,0,180.0,2,0.07787813282037874,616849.92,0.6386114323953537,1
2857,66,9098.3,Empresarial,1013.59,Alta,0,365.0,2,0.11140432828110747,600487.7999999999,0.489138419749679,1
2118,65,11489.03,Saúde,720.26,Alta,0,365.0,2,0.06269110621175156,746786.9500000001,0.48396289355415184,1
1398,47,5325.4,Auto,387.83,Baixa,1,180.0,0,0.07282645435084689,250293.8,0.6914462830814053,1
2134,38,13468.06,Auto,963.66,Baixa,0,365.0,0,0.07155150778954059,511786.27999999997,0.4945611173576675,1
1714,75,14210.47,Saúde,1132.33,Média,0,180.0,1,0.07968279726145581,1065785.25,0.49902133930425974,1
3181,72,7592.59,Saúde,1397.86,Média,0,180.0,1,0.1841084531102035,546666.48,0.47246881560839843,1
3573,53,14818.95,Vida,331.78,Baixa,0,180.0,0,0.022388900698092642,785404.3500000001,0.457923944990686,1
2027,27,18446.58,Saúde,260.96,Baixa,0,180.0,0,0.014146795774609708,498057.66000000003,0.47301088416351134,1
4956,68,5095.08,Saúde,1224.81,Alta,1,180.0,2,0.24039072988059068,346465.44,0.4921860295633925,1
241,41,17954.32,Empresarial,516.37,Média,0,365.0,1,0.028760209242121117,736127.12,0.4512138254023274,1
4553,60,17426.56,Residencial,866.88,Alta,0,365.0,2,0.049744757427742474,1045593.6000000001,0.511721858188683,1
3864,59,10231.66,Residencial,986.85,Média,0,180.0,1,0.09645062482529716,603667.94,0.5997245255180412,1
3459,80,6927.75,Saúde,1318.75,Média,0,180.0,1,0.1903576197178016,554220.0,0.4969260332793714,1
1113,37,10557.18,Auto,723.99,Alta,0,365.0,2,0.06857797252675431,390615.66000000003,0.48955866258093234,1
1763,81,17271.35,Empresarial,97.04,Baixa,0,180.0,0,0.005618553268852754,1398979.3499999999,0.9182741364693527,1
3715,69,11025.58,Saúde,237.95,Alta,1,180.0,2,0.02158163107972551,760765.02,0.6991222213829417,1
2041,71,18171.74,Auto,1344.25,Baixa,0,365.0,0,0.07397475420625652,1290193.54,0.4950274125043016,1
2553,80,9227.23,Vida,569.11,Média,1,180.0,1,0.06167723141181048,738178.3999999999,0.5521640934723722,1
3827,79,8872.09,Vida,901.02,Baixa,0,180.0,0,0.10155667942953689,700895.11,0.5250036761114555,1
440,60,8468.57,Empresarial,1327.76,Média,1,365.0,1,0.1567868010773956,508114.19999999995,0.4003675615727904,1
1236,58,12888.76,Residencial,1202.69,Média,0,180.0,1,0.09331308830329683,747548.08,0.5757446549799308,1
2286,37,13019.89,Vida,430.93,Alta,0,180.0,2,0.03309782187099891,481735.93,0.535281020141818,1
479,72,12873.98,Vida,168.72,Baixa,1,180.0,0,0.013105504280727483,926926.5599999999,0.5689360378803252,1
733,68,18137.27,Auto,1412.47,Alta,0,365.0,2,0.07787665949726723,1233334.36,0.5174834414257735,1
4545,32,11743.64,Auto,1188.56,Alta,1,365.0,2,0.10120882452118764,375796.48,0.4583826281979571,1
2934,49,5786.88,Empresarial,224.48,Média,1,180.0,1,0.038791196637911966,283557.12,0.5727133104754831,1
3241,45,3151.57,Auto,1078.25,Alta,0,365.0,2,0.3421310648343524,141820.65,0.4152792762086722,1
1076,36,9075.88,Auto,792.44,Alta,0,180.0,2,0.08731274543074612,326731.68,0.7106304223640112,1
912,56,6024.2,Vida,1196.83,Alta,0,180.0,2,0.19867036286975864,337355.2,0.5463966655997134,1
1464,38,16240.2,Residencial,1230.92,Baixa,0,180.0,0,0.0757946330710213,617127.6,0.6161421074268799,1
1280,23,6137.72,Empresarial,597.21,Alta,0,180.0,2,0.09730160385289652,141167.56,0.5604745309159327,1
3495,50,13104.77,Saúde,1418.22,Alta,0,365.0,2,0.10822166279911818,655238.5,0.4567744199674312,1
2518,35,12365.53,Residencial,251.13,Alta,1,365.0,2,0.02030887475102159,432793.55000000005,0.4985687936294719,1
2613,28,14079.25,Auto,846.2,Alta,1,365.0,2,0.060102633307882174,394219.0,0.4450802263091488,1
1460,47,16584.53,Saúde,114.27,Alta,0,180.0,2,0.00689015606713003,779472.9099999999,0.6122581572424944,1
647,60,10543.32,Vida,1046.66,Alta,0,180.0,2,0.09927233546928294,632599.2,0.5695742455641077,1
1639,43,10076.21,Residencial,887.16,Baixa,1,365.0,0,0.08804500898651378,433277.02999999997,0.5870902898667796,1
4129,35,10573.61,Auto,180.83,Alta,1,365.0,2,0.01710201151735311,370076.35000000003,0.47845466186932906,1
403,64,12151.54,Vida,1491.22,Baixa,0,180.0,0,0.1227186019220609,777698.56,0.7754358799074617,1
1040,72,4235.75,Auto,1379.07,Média,0,365.0,1,0.32557870506994036,304974.0,0.48198284060842655,1
1510,37,10860.22,Vida,1377.33,Média,0,365.0,1,0.12682339768439313,401828.13999999996,0.45699693761718324,1
553,74,12723.21,Saúde,150.26,Baixa,1,365.0,0,0.011809912750005699,941517.5399999999,0.4686398387623013,1
2276,22,5224.76,Empresarial,1025.02,Baixa,0,365.0,0,0.19618508792748374,114944.72,0.4884068403163199,1
585,77,6412.31,Empresarial,581.12,Média,1,365.0,1,0.09062568715486306,493747.87000000005,0.5824131442236439,1
41,34,17604.59,Vida,366.26,Média,1,180.0,1,0.020804801475069853,598556.06,0.4023800449946711,1
4174,67,14841.85,Saúde,537.05,Baixa,0,180.0,0,0.03618484218611561,994403.9500000001,0.6757531024621558,1
155,40,18021.0,Saúde,1256.31,Baixa,1,365.0,0,0.06971366738804728,720840.0,0.4657671250863677,1
3937,24,4781.13,Saúde,377.9,Média,1,365.0,1,0.07903989224304714,114747.12,0.4513073761583064,1
3179,36,19806.95,Saúde,132.04,Alta,0,730.0,2,0.006666346913583363,713050.2000000001,0.45634536375976115,1
4533,38,2443.37,Vida,397.94,Baixa,0,730.0,0,0.16286522303212367,92848.06,0.41558233690694385,1
1249,45,16709.02,Residencial,1288.18,Alta,0,180.0,2,0.07709488647449103,751905.9,0.6987071936843744,1
976,63,4757.86,Saúde,1421.76,Média,1,365.0,1,0.2988234206134691,299745.18,0.4815820690263372,1
4582,66,10199.59,Residencial,992.4,Alta,1,365.0,2,0.09729802864624951,673172.9400000001,0.5134393440034778,1
2459,44,9340.67,Empresarial,1293.44,Baixa,1,180.0,0,0.13847400668260415,410989.48,0.6421467634596856,1
522,38,4010.98,Auto,558.07,Alta,1,365.0,2,0.13913557285251985,152417.24,0.47186467809505017,1
811,62,12418.11,Residencial,1269.64,Baixa,0,180.0,0,0.10224100124737179,769922.8200000001,0.6473107252548764,1
3307,78,19662.44,Residencial,497.15,Baixa,1,180.0,0,0.025284247529808103,1533670.3199999998,0.4370200013139944,1
4501,43,11143.28,Empresarial,279.77,Baixa,1,365.0,0,0.025106611338851753,479161.04000000004,0.45458139045240914,1
4297,32,5158.49,Empresarial,507.69,Média,1,365.0,1,0.098418335598208,165071.68,0.5318964744058697,1
1055,53,16621.64,Vida,474.58,Alta,1,180.0,2,0.028551935910054605,880946.9199999999,0.457313510482533,1
3412,36,2583.82,Auto,458.57,Média,1,365.0,1,0.1774775332647011,93017.52,0.40813407223167336,1
2348,31,18045.27,Saúde,546.5,Baixa,1,365.0,0,0.030284944475754586,559403.37,0.4070923595605608,1
4701,28,9192.32,Auto,267.18,Alta,0,180.0,2,0.029065567778319295,257384.96,0.6707568525662201,1
2654,24,12773.79,Auto,1294.4,Alta,1,365.0,2,0.10133249411490247,306570.96,0.49175564295604196,1
1120,41,8595.68,Auto,1177.1,Baixa,0,365.0,0,0.13694088193138879,352422.88,0.47376376173729146,1
4958,29,5604.76,Vida,866.83,Alta,0,180.0,2,0.15465961075942591,162538.04,0.6472156698087722,1
251,69,16550.97,Auto,919.0,Baixa,0,365.0,0,0.05552544654482486,1142016.9300000002,0.40198436022592704,1
4938,36,15494.87,Saúde,985.44,Baixa,0,365.0,0,0.0635978230214258,557815.3200000001,0.4154757956900091,1
4613,27,6039.27,Auto,310.26,Alta,0,365.0,2,0.05137375874898787,163060.29,0.4032931595482253,1
713,37,4294.05,Empresarial,849.04,Alta,0,365.0,2,0.19772475867770517,158879.85,0.4816289733523691,1
63,31,8054.5,Vida,144.02,Alta,1,180.0,2,0.017880687814265318,249689.5,0.48775383747826484,1
4723,72,18888.46,Vida,380.54,Baixa,0,180.0,0,0.020146692742552864,1359969.1199999999,0.48849691283930374,1
2373,66,11629.44,Residencial,1269.77,Média,1,365.0,1,0.1091858249408398,767543.04,0.45124656860994816,1
197,34,17242.63,Empresarial,978.31,Alta,1,365.0,2,0.05673786423532836,586249.42,0.4321728084089998,1
1710,61,4150.96,Empresarial,1152.05,Baixa,1,180.0,0,0.27753820802898604,253208.56,0.52793599611667,1
4189,63,10363.89,Saúde,684.72,Alta,0,365.0,2,0.06606785676034771,652925.07,0.5077311731369599,1
2398,30,4353.21,Saúde,1046.5,Alta,1,365.0,2,0.24039731600359274,130596.3,0.45201820213351235,1
899,67,12827.49,Residencial,1197.66,Baixa,1,365.0,0,0.09336666799194543,859441.83,0.4704885787318765,1
1323,71,10361.89,Vida,1480.71,Média,1,365.0,1,0.14289960615293157,735694.19,0.41185193307112344,1
175,55,2244.78,Residencial,759.1,Alta,1,365.0,2,0.33816231434706295,123462.90000000001,0.48819759280305497,1
529,42,5879.62,Saúde,1330.71,Baixa,1,365.0,0,0.22632585099037014,246944.04,0.4664616332525423,1
3290,76,10264.23,Saúde,305.66,Média,0,180.0,1,0.02977914563488932,780081.48,0.4226125814112232,1
296,44,10031.27,Residencial,322.7,Alta,0,365.0,2,0.032169406266604327,441375.88,0.49748890456490324,1
3830,53,19453.09,Vida,1378.84,Média,0,365.0,1,0.07088025604158517,1031013.77,0.5066878227202383,1
2856,24,3067.76,Residencial,1435.48,Média,1,365.0,1,0.46792447909875606,73626.24,0.505246987398637,1
4678,76,17269.32,Auto,936.98,Média,1,180.0,1,0.05425691341639393,1312468.32,0.5494281938911977,1
486,42,15059.41,Residencial,126.13,Média,1,365.0,1,0.00837549412626391,632495.22,0.5307071207106998,1
1967,32,9656.44,Saúde,797.08,Alta,1,365.0,2,0.08254387745380284,309006.08,0.42797503440524715,1
4055,29,7793.03,Vida,961.82,Baixa,1,365.0,0,0.1234205437422928,225997.87,0.42778151757408944,1
2815,29,14974.06,Empresarial,461.96,Média,0,180.0,1,0.0308506844503094,434247.74,0.7047628549823944,1
3521,46,5594.24,Saúde,845.23,Baixa,0,365.0,0,0.15108933474430844,257335.03999999998,0.532793742928732,1
135,53,5453.48,Auto,729.76,Baixa,0,365.0,0,0.133815471955522,289034.44,0.4479312508093731,1
1801,62,13694.38,Empresarial,508.06,Média,0,180.0,1,0.0370998906120613,849051.5599999999,0.7015684509000741,1
3642,44,19366.66,Residencial,1069.2,Baixa,0,730.0,0,0.055208280622471816,852133.04,0.4126175575144687,1
2874,33,6721.13,Residencial,205.34,Média,1,180.0,1,0.030551410253930513,221797.29,0.5193984170386096,1
2518,35,12365.53,Auto,718.69,Baixa,1,365.0,0,0.0581204364066886,432793.55000000005,0.41154187066003367,1
1159,41,3418.69,Saúde,1297.92,Baixa,0,365.0,0,0.3796541950279201,140166.29,0.48846485677734247,1
4579,74,5738.14,Saúde,780.55,Alta,1,365.0,2,0.13602839944651052,424622.36000000004,0.5003411588547579,1
1422,43,7340.95,Residencial,98.17,Média,0,180.0,1,0.01337292857191508,315660.85,0.9114155072693964,1
1688,38,3605.98,Auto,671.7,Alta,1,365.0,2,0.1862739116689499,137027.24,0.47785362151595207,1
3350,26,7689.01,Vida,988.24,Baixa,1,365.0,0,0.12852629922447753,199914.26,0.4072905492797699,1
3304,56,13532.81,Saúde,930.37,Alta,1,365.0,2,0.06874921025271175,757837.36,0.4319482448023621,1
3297,66,15220.8,Vida,1198.13,Baixa,1,180.0,0,0.07871662461894251,1004572.7999999999,0.5875125036101438,1
1959,57,9737.24,Empresarial,873.23,Alta,0,365.0,2,0.08967941634385103,555022.6799999999,0.5020248879435131,1
4370,67,12662.31,Saúde,510.93,Média,1,180.0,1,0.040350457380999204,848374.77,0.562097693880723,1
3628,41,17370.97,Empresarial,703.43,Média,1,365.0,1,0.04049457226625801,712209.77,0.42402210765748,1
4538,30,3857.31,Empresarial,324.8,Baixa,0,730.0,0,0.08420375857786903,115719.3,0.4211840239919937,1
1982,48,5609.66,Vida,386.26,Baixa,0,180.0,0,0.0688562230152986,269263.68,0.6348933985623109,1
2868,78,11677.29,Vida,831.76,Alta,1,365.0,2,0.07122885532516533,910828.6200000001,0.4074632531307396,1
801,19,4948.16,Vida,656.17,Baixa,0,365.0,0,0.132608888960745,94015.04,0.4236460003741252,1
4681,71,13802.66,Vida,463.7,Baixa,0,180.0,0,0.033594973722456394,979988.86,0.6068448609359687,1
1027,50,9635.2,Empresarial,905.28,Média,1,365.0,1,0.09395549651278644,481760.00000000006,0.44814344369454856,1
2690,50,16565.85,Saúde,1456.91,Alta,1,365.0,2,0.08794658891635504,828292.4999999999,0.40515762886287204,1
3921,64,17549.36,Saúde,128.67,Média,0,180.0,1,0.007331891305437918,1123159.04,0.4216074053711125,1
883,73,10655.42,Residencial,857.46,Baixa,1,365.0,0,0.08047172237227627,777845.66,0.5645360319310434,1
2761,37,16380.63,Auto,1014.62,Média,1,365.0,1,0.061940230626050405,606083.3099999999,0.4178177066480055,1
1823,35,1721.29,Empresarial,457.04,Baixa,1,180.0,0,0.26552178889089,60245.15,0.5042606993048017,1
4324,76,4203.22,Auto,1402.84,Alta,1,180.0,2,0.3337536460142462,319444.72000000003,0.5573866840411646,1
1919,81,15069.31,Vida,1367.76,Alta,1,365.0,2,0.09076460700589477,1220614.1099999999,0.40675928795280325,1
4589,41,10766.89,Saúde,614.08,Média,1,365.0,1,0.05703411105713907,441442.49,0.5923310842008406,1
3721,42,4806.47,Vida,620.36,Baixa,0,180.0,0,0.12906769417056593,201871.74000000002,0.626329019375919,1
4778,27,7270.01,Saúde,1280.91,Baixa,1,365.0,0,0.17619095434531729,196290.27000000002,0.4687691909943497,1
1313,21,12047.96,Saúde,1071.43,Alta,0,365.0,2,0.0889304081354852,253007.15999999997,0.4345130770557173,1
3832,62,4879.67,Vida,707.86,Média,1,365.0,1,0.14506308828260928,302539.54,0.4307564323273845,1
4067,49,13104.22,Residencial,953.98,Baixa,0,730.0,0,0.07279944933769428,642106.7799999999,0.4641330557158245,1
3815,46,14841.08,Auto,1329.83,Baixa,0,365.0,0,0.0896046648896172,682689.68,0.5805825788563627,1
4542,53,5952.59,Auto,1113.82,Alta,1,365.0,2,0.18711518851457934,315487.27,0.4364008449378698,1
2988,57,16992.59,Residencial,482.26,Baixa,1,365.0,0,0.02838060589939497,968577.63,0.44522116534127504,1
3281,51,14275.97,Empresarial,1178.03,Alta,0,180.0,2,0.082518385790948,728074.47,0.5908208851330814,1
272,26,10460.32,Empresarial,930.77,Alta,0,365.0,2,0.08898102543708032,271968.32,0.5775613919370959,1
922,73,5987.8,Residencial,398.55,Média,1,180.0,1,0.06656033935669194,437109.4,0.638174564045859,1
4471,22,9454.51,Vida,646.42,Alta,1,365.0,2,0.0683716025473557,207999.22,0.5654490646873174,1
273,41,8478.39,Empresarial,1114.66,Média,1,365.0,1,0.13147071554858883,347613.99,0.5180639272850077,1
323,34,16714.72,Empresarial,1001.39,Baixa,0,365.0,0,0.059910665569031366,568300.48,0.4241160098729169,1
1538,72,9128.35,Empresarial,1411.15,Baixa,0,180.0,0,0.15458982181883912,657241.2000000001,0.4120986540338102,1
4067,49,13104.22,Empresarial,507.67,Baixa,0,180.0,0,0.03874095520374353,642106.7799999999,0.7053058864050252,1
4268,38,14602.4,Saúde,1107.49,Baixa,0,365.0,0,0.07584301210759875,554891.2,0.42771066679369774,1
3088,75,3158.3,Saúde,935.99,Alta,0,180.0,2,0.296358800620587,236872.5,0.7290664198833822,1
1987,61,14745.33,Vida,1272.42,Alta,1,180.0,2,0.08629308397980921,899465.13,0.5008521907212703,1
1116,41,11374.98,Saúde,1077.44,Média,0,365.0,1,0.09472016654095217,466374.18,0.5175747269102922,1
1989,34,7199.58,Empresarial,326.35,Baixa,0,365.0,0,0.04532903308248537,244785.72,0.4314386141995652,1
4191,48,13286.22,Auto,1497.14,Média,0,365.0,1,0.11268366773995916,637738.5599999999,0.4220681345892972,1
3630,59,17192.26,Residencial,809.8,Média,1,180.0,1,0.04710259151501897,1014343.3399999999,0.5836808103272584,1
492,64,5229.43,Auto,1201.08,Baixa,0,180.0,0,0.22967703937140374,334683.52,0.4935130000952609,1
740,41,2493.38,Auto,1248.29,Alta,1,180.0,2,0.5006416992195333,102228.58,0.5251092397900422,1
228,42,4405.56,Auto,443.66,Baixa,0,365.0,0,0.10070456423246987,185033.52000000002,0.48793354731447147,1
3280,49,3301.88,Auto,729.46,Média,0,180.0,1,0.2209226258979733,161792.12,0.6795054401641609,1
3939,75,2631.86,Auto,253.0,Média,1,365.0,1,0.0961297333444788,197389.5,0.6486917527793431,1
3107,50,9591.93,Auto,667.98,Média,1,180.0,1,0.06963979094926673,479596.5,0.652850568050409,1
3263,21,4706.09,Vida,619.28,Média,0,730.0,1,0.1315911935385851,98827.89,0.42119935519136703,1
235,29,4256.3,Vida,1489.32,Alta,0,180.0,2,0.3499095458496816,123432.70000000001,0.42750573905416317,1
379,80,13389.93,Auto,711.84,Média,1,180.0,1,0.053162339160847,1071194.4,0.4472951217923497,1
1205,67,4056.33,Vida,325.07,Alta,1,365.0,2,0.08013894333054757,271774.11,0.4553757856878734,1
1588,59,6754.25,Residencial,1165.89,Alta,1,365.0,2,0.1726157604471259,398500.75,0.46003898562501216,1
2343,50,2609.0,Residencial,698.38,Baixa,1,365.0,0,0.267681103871215,130450.0,0.4143586832726995,1
4421,63,8832.48,Saúde,1332.7,Baixa,1,365.0,0,0.15088627429668677,556446.24,0.4073195783142617,1
672,21,12158.04,Auto,344.49,Alta,1,365.0,2,0.02833433678454751,255318.84000000003,0.5182305317415138,1
823,50,11959.86,Saúde,525.59,Baixa,1,180.0,0,0.04394616659392334,597993.0,0.5957068372375749,1
3310,49,14805.37,Saúde,1045.75,Baixa,1,180.0,0,0.07063315540239791,725463.13,0.7241750441116737,1
127,57,13772.67,Saúde,623.67,Média,0,180.0,1,0.04528315860323379,785042.1900000001,0.6242308561888179,1
1861,58,2185.29,Residencial,1195.4,Média,0,180.0,1,0.5470212191516916,126746.81999999999,0.47314685854222904,1
1854,59,19398.99,Residencial,931.65,Média,0,365.0,1,0.0480256961831518,1144540.4100000001,0.4136162140280767,1
1685,23,5428.25,Saúde,1232.15,Média,1,365.0,1,0.22698844010500624,124849.75,0.40661851879644206,1
1262,37,3688.66,Vida,248.06,Média,0,365.0,1,0.06724935342373653,136480.41999999998,0.4108210019285929,1
370,29,11792.86,Vida,730.46,Média,1,180.0,1,0.061940869305664614,341992.94,0.5437005965521235,1
3155,45,14233.41,Residencial,1243.36,Baixa,0,730.0,0,0.08735503298225794,640503.45,0.40063448960614795,1
3632,29,11052.3,Residencial,999.84,Baixa,0,365.0,0,0.09046442821856085,320516.69999999995,0.49509266634944565,1
1697,57,1846.29,Empresarial,663.94,Baixa,1,180.0,0,0.3596076456028035,105238.53,0.40679828986709865,1
197,34,17242.63,Vida,1459.84,Alta,0,180.0,2,0.08466457843148056,586249.42,0.48916244522644997,1
3659,80,6276.96,Residencial,506.04,Média,0,365.0,1,0.08061864341974459,502156.8,0.42427744003876217,1
2225,40,14104.28,Saúde,1320.91,Média,1,365.0,1,0.09365313224070991,564171.2000000001,0.5565315930272671,1
171,51,5415.72,Residencial,255.97,Alta,0,365.0,2,0.04726426033842222,276201.72000000003,0.45075790900964524,1
4119,47,16005.16,Auto,497.06,Alta,1,365.0,2,0.031056234364417477,752242.52,0.47399786228540525,1
4503,42,11891.2,Empresarial,1251.2,Média,1,365.0,1,0.10522066738428418,499430.4,0.4838971042054974,1
2549,65,5710.2,Saúde,713.13,Alta,0,365.0,2,0.12488704423662919,371163.0,0.476747947776897,1
527,77,18655.5,Saúde,667.42,Média,0,180.0,1,0.03577604459810779,1436473.5,0.43476499960204207,1
2669,45,10539.5,Saúde,211.62,Baixa,1,180.0,0,0.020078751363916694,474277.5,0.5703827590407524,1
1056,54,17092.66,Vida,858.11,Alta,1,180.0,2,0.05020342064956537,923003.64,0.4740854749463807,1
2557,47,9375.81,Empresarial,760.37,Baixa,1,180.0,0,0.08109912636881507,440663.06999999995,0.6587485451993094,1
713,37,4294.05,Empresarial,683.48,Média,1,180.0,1,0.15916908280061945,158879.85,0.6441044049444127,1
4684,35,16193.76,Saúde,175.49,Média,1,180.0,1,0.010836890258963948,566781.6,0.4706373979925782,1
926,58,7908.84,Empresarial,452.24,Média,0,365.0,1,0.057181584151405264,458712.72000000003,0.47192901971484325,1
2591,28,2915.87,Empresarial,1063.67,Média,1,365.0,1,0.3647864959686132,81644.36,0.519548327220993,1
3410,23,9638.32,Auto,1375.09,Alta,0,180.0,2,0.1426690543580209,221681.36,0.6629439430307272,1
886,27,17425.06,Residencial,1343.84,Alta,0,365.0,2,0.0771211117780943,470476.62000000005,0.47499540099818505,1
83,57,13661.4,Residencial,430.59,Média,1,180.0,1,0.0315187316087663,778699.7999999999,0.5683028369391674,1
1091,37,7412.34,Empresarial,1158.97,Alta,1,180.0,2,0.1563568319855808,274256.58,0.6426964837999789,1
4097,44,10276.54,Empresarial,1011.92,Alta,1,365.0,2,0.09846893993503648,452167.76,0.5156209179313546,1
877,53,7318.32,Empresarial,1222.9,Baixa,1,365.0,0,0.16710119262344364,387870.95999999996,0.4018055544517213,1
2314,57,7690.24,Empresarial,1157.56,Baixa,0,180.0,0,0.15052326065246338,438343.68,0.5615110882687486,1
1033,56,14210.76,Residencial,1249.69,Média,0,365.0,1,0.08793970202860368,795802.56,0.4943257305287027,1
4114,67,16433.29,Empresarial,1185.6,Alta,1,365.0,2,0.0721462348683678,1101030.4300000002,0.44120531309120753,1
2674,52,18968.91,Auto,1063.97,Baixa,1,365.0,0,0.05609020233634932,986383.32,0.42635402301662345,1
1014,54,3373.27,Auto,1447.92,Média,0,365.0,1,0.42923335517168804,182156.58,0.4614778995903798,1
1267,63,16709.26,Saúde,893.95,Alta,0,365.0,2,0.053500274697981846,1052683.38,0.4475574720906174,1
4135,30,13357.25,Auto,1450.05,Média,1,180.0,1,0.10855902225383218,400717.5,0.6509444967889959,1
1909,70,4025.28,Empresarial,1286.99,Alta,1,365.0,2,0.31972682645679307,281769.60000000003,0.4417829994525275,1
1718,32,5062.09,Residencial,1231.18,Baixa,0,180.0,0,0.2432157468555478,161986.88,0.5570493414563381,1
942,67,8128.32,Residencial,712.58,Baixa,1,365.0,0,0.08766633203417189,544597.44,0.5955569098087794,1
2659,21,9891.66,Saúde,560.08,Alta,1,365.0,2,0.056621436644607684,207724.86,0.48971629969481656,1
4802,29,12129.63,Residencial,547.94,Média,1,365.0,1,0.04517367800996404,351759.26999999996,0.40111241865464553,1
4539,63,14204.4,Auto,668.1,Baixa,0,365.0,0,0.04703472163554955,894877.2,0.438439975672062,1
506,18,9712.31,Empresarial,278.36,Média,1,365.0,1,0.028660534929383436,174821.58,0.4309320106439684,1
3281,51,14275.97,Residencial,792.51,Média,0,365.0,1,0.05551356580323439,728074.47,0.5980569391488789,1
2647,33,16877.59,Saúde,209.71,Média,1,180.0,1,0.012425352197796013,556960.47,0.5764139738236663,1
1787,69,11475.15,Auto,141.91,Alta,0,180.0,2,0.012366722875082243,791785.35,0.7094132397292058,1
2060,64,9034.72,Empresarial,644.82,Alta,1,365.0,2,0.07137133192838296,578222.08,0.5619558031724139,1
546,80,3002.62,Auto,922.98,Alta,1,365.0,2,0.3073915447176133,240209.59999999998,0.4938666122487967,1
734,35,4818.06,Residencial,1257.83,Média,0,180.0,1,0.2610656571317086,168632.1,0.6018893263211477,1
3959,76,5672.71,Auto,263.09,Alta,1,365.0,2,0.04637818608742558,431125.96,0.42605604456761903,1
2460,52,5142.22,Vida,798.05,Média,1,365.0,1,0.15519561590130332,267395.44,0.4049901338003443,1
2021,43,11086.16,Saúde,1382.65,Alta,0,730.0,2,0.1247185680163375,476704.88,0.42025955524065883,1
3191,33,2890.17,Vida,619.16,Baixa,1,180.0,0,0.21422961279094307,95375.61,0.733539043229627,1
548,35,13321.34,Saúde,421.22,Média,0,180.0,1,0.03161994213795309,466246.9,0.6548130763705036,1
3786,42,9707.58,Vida,611.42,Alta,1,180.0,2,0.06298377144458248,407718.36,0.7309692308315753,1
1298,46,11554.18,Residencial,905.75,Média,1,365.0,1,0.0783915431471554,531492.28,0.6060164923904862,1
3906,72,11262.71,Vida,708.88,Alta,0,365.0,2,0.06294044683739526,810915.1199999999,0.4326765939253381,1
3957,29,15351.3,Empresarial,989.65,Baixa,0,180.0,0,0.06446685297010676,445187.69999999995,0.6398925055784116,1
210,24,15164.19,Saúde,1033.56,Alta,1,180.0,2,0.06815794315423375,363940.56,0.6589807778957205,1
1003,41,2390.73,Residencial,874.12,Baixa,1,365.0,0,0.3656289083250723,98019.93000000001,0.5017279956653867,1
3317,29,12923.29,Saúde,1274.97,Média,0,365.0,1,0.09865676619498595,374775.41000000003,0.5178838634580779,1
1134,33,5301.66,Residencial,721.94,Média,0,365.0,1,0.13617244410241322,174954.78,0.4189226615297785,1
4975,51,6747.51,Vida,554.51,Alta,1,365.0,2,0.08217994489819207,344123.01,0.4605799241425066,1
2367,43,8337.34,Empresarial,892.79,Alta,1,365.0,2,0.10708331434246414,358505.62,0.5305843054748005,1
1642,50,9150.85,Residencial,586.29,Baixa,0,730.0,0,0.06406945802848915,457542.5,0.4292372977025705,1
1796,61,13049.86,Empresarial,1116.05,Média,0,365.0,1,0.08552199027422516,796041.4600000001,0.42257159691421264,1
303,27,12134.02,Saúde,1432.93,Alta,0,365.0,2,0.11809194314827239,327618.54000000004,0.5879346652102089,1
575,76,8925.66,Auto,454.44,Média,0,180.0,1,0.050913881998642115,678350.16,0.42089993019686245,1
3014,41,2345.09,Empresarial,1092.83,Alta,1,180.0,2,0.46600770119696894,96148.69,0.5911963448307918,1
2869,48,10784.38,Auto,146.37,Alta,1,365.0,2,0.013572407500477545,517650.24,0.6675910853040219,1
3935,78,1793.23,Empresarial,236.91,Alta,0,180.0,2,0.13211356044679154,139871.94,0.7938211275656055,1
2422,26,5400.73,Empresarial,303.34,Baixa,0,180.0,0,0.056166481197912135,140418.97999999998,0.5914264227510059,1
4631,67,15599.01,Vida,555.61,Baixa,0,365.0,0,0.035618286032254615,1045133.67,0.407992645737561,1
516,79,8288.57,Auto,765.25,Baixa,0,365.0,0,0.09232593800860704,654797.03,0.45738647039182234,1
3666,65,13485.8,Saúde,1025.76,Baixa,1,365.0,0,0.07606222841803972,876577.0,0.4172139431408992,1
1164,68,2671.72,Empresarial,1057.44,Alta,0,365.0,2,0.3957899779917058,181676.96,0.426410824513552,1
2161,69,17399.21,Residencial,1336.8,Média,0,180.0,1,0.07683107451430266,1200545.49,0.7258527429351108,1
1259,44,12136.8,Vida,629.34,Baixa,1,365.0,0,0.051853865928416065,534019.2,0.5135362502237031,1
2947,64,11533.85,Empresarial,198.7,Alta,0,365.0,2,0.01722755194492732,738166.4,0.5115609516765343,1
4481,20,3643.22,Vida,943.86,Alta,0,730.0,2,0.25907301782489117,72864.4,0.4171205859941753,1
1791,63,19270.75,Residencial,373.57,Baixa,1,365.0,0,0.019385337882542195,1214057.25,0.43403014277937924,1
3709,40,3645.23,Vida,240.79,Baixa,0,180.0,0,0.06605618849839379,145809.2,0.54186642232701,1
2163,38,6569.68,Saúde,1404.44,Alta,1,730.0,2,0.21377601344357716,249647.84000000003,0.41332200027398275,1
4625,37,8307.4,Vida,561.31,Média,0,365.0,1,0.06756746996653586,307373.8,0.41761256004810726,1
92,70,14515.49,Residencial,473.97,Média,0,180.0,1,0.03265270411126321,1016084.2999999999,0.6416209830683959,1
142,36,14382.55,Saúde,408.48,Alta,0,365.0,2,0.02840108325714147,517771.8,0.48304215226622793,1
824,39,6584.78,Residencial,1419.69,Baixa,0,180.0,0,0.2156017361248212,256806.41999999998,0.5434872092966927,1
958,69,9513.39,Empresarial,99.56,Baixa,0,365.0,0,0.010465249506222284,656423.9099999999,0.47440617754701625,1
3122,69,18050.19,Residencial,450.77,Média,1,365.0,1,0.024973144327012625,1245463.1099999999,0.5308779262560537,1
4883,70,14454.99,Residencial,444.87,Baixa,1,365.0,0,0.0307762232972835,1011849.2999999999,0.5593512798097594,1
598,36,7022.23,Empresarial,774.36,Baixa,1,180.0,0,0.11027266267268376,252800.27999999997,0.6280288431847998,1
904,51,15950.79,Residencial,1180.35,Baixa,0,365.0,0,0.07399946961874615,813490.29,0.5706374043459836,1
145,39,11082.22,Vida,1086.92,Baixa,1,365.0,0,0.09807782195264127,432206.57999999996,0.4368511764786891,1
3859,39,13929.91,Auto,826.15,Média,0,180.0,1,0.059307633717662206,543266.49,0.6368708361275377,1
427,69,10775.3,Empresarial,331.46,Alta,1,365.0,2,0.030761092498584726,743495.7,0.4097676531957522,1
4009,64,13717.8,Residencial,413.31,Alta,0,365.0,2,0.03012946682412632,877939.2,0.44728479708011915,1
140,74,2354.95,Residencial,852.7,Baixa,0,365.0,0,0.36208836705662545,174266.3,0.456385735304174,1
3009,22,6720.83,Auto,787.69,Alta,1,365.0,2,0.11720129805396061,147858.26,0.4113650831860361,1
1123,23,7749.95,Auto,1250.88,Baixa,0,365.0,0,0.16140491228975673,178248.85,0.41595262704788427,1
3933,46,9531.75,Saúde,1464.42,Baixa,1,180.0,0,0.15363600598001417,438460.5,0.57858145055037,1
3602,23,7551.15,Auto,102.03,Alta,0,365.0,2,0.013511849188534198,173676.44999999998,0.4331927476647913,1
2415,32,6851.11,Residencial,1335.64,Alta,1,180.0,2,0.1949523507869528,219235.52,0.5008203040167473,1
4413,28,4231.21,Empresarial,454.23,Alta,0,180.0,2,0.1073522703907393,118473.88,0.5884818378725407,1
4880,20,6967.38,Vida,1189.22,Média,1,730.0,1,0.17068395867600158,139347.6,0.4445691558269117,1
3807,59,6835.96,Residencial,455.17,Alta,1,365.0,2,0.06658464941281107,403321.64,0.4445567378796657,1
4098,45,7257.11,Auto,1188.11,Média,0,365.0,1,0.16371668611885448,326569.95,0.45075886047672886,1
2901,56,12951.69,Auto,870.45,Média,0,365.0,1,0.06720744551483243,725294.64,0.4328195614751316,1
2672,59,13172.63,Residencial,464.58,Média,0,180.0,1,0.03526858341880095,777185.1699999999,0.5433855512969465,1
87,19,18686.84,Empresarial,839.52,Média,0,180.0,1,0.04492573383193734,355049.96,0.4859249436073495,1
3055,30,4192.01,Saúde,1160.09,Média,0,365.0,1,0.27673836655924006,125760.3,0.4240049524517561,1
892,39,9336.14,Empresarial,1075.76,Baixa,0,365.0,0,0.11522535009115117,364109.45999999996,0.6068751900098099,1
133,62,5388.38,Auto,114.44,Média,0,365.0,1,0.021238294255416283,334079.56,0.47794602240448414,1
4348,57,7856.1,Saúde,894.39,Média,1,365.0,1,0.11384656508954824,447797.7,0.46785364211693853,1
942,67,8128.32,Empresarial,717.61,Média,1,365.0,1,0.08828515609621669,544597.44,0.44674864386732865,1
1210,33,19540.82,Empresarial,1369.58,Média,0,365.0,1,0.07008815392598673,644847.0599999999,0.46986766919372697,1
4954,53,14206.31,Auto,675.56,Média,0,180.0,1,0.047553516711939976,752934.4299999999,0.6603902186127646,1
1582,31,10217.02,Auto,1465.95,Média,1,180.0,1,0.14348117161364077,316727.62,0.554426492996122,1
2599,57,14701.26,Auto,188.93,Média,0,180.0,1,0.012851279414145454,837971.8200000001,0.42046457564937084,1
4438,28,13739.32,Residencial,205.92,Alta,1,180.0,2,0.014987641309759143,384700.95999999996,0.6507645828388944,1
3716,63,9545.43,Residencial,735.24,Média,0,365.0,1,0.07702534092230523,601362.09,0.5352567368268992,1
3752,69,2096.93,Vida,914.89,Média,0,180.0,1,0.436299733419809,144688.16999999998,0.5326714403294355,1
151,44,9826.29,Empresarial,848.3,Média,0,730.0,1,0.08632963203813442,432356.76,0.4145763751268215,1
3706,68,8603.82,Auto,173.2,Média,0,180.0,1,0.020130593155133415,585059.76,0.5015469972689608,1
3324,59,3617.76,Saúde,992.44,Alta,0,365.0,2,0.27432444385476096,213447.84000000003,0.4814804628442308,1
3353,54,2848.87,Auto,871.11,Alta,0,365.0,2,0.3057738682354758,153838.97999999998,0.45356609222631994,1
529,42,5879.62,Saúde,1308.08,Alta,0,730.0,2,0.22247696279691545,246944.04,0.41743094407068065,1
3425,48,9389.79,Vida,1410.65,Baixa,0,180.0,0,0.1502323268145507,450709.92000000004,0.48151421954821055,1
2003,75,7053.13,Saúde,121.67,Baixa,0,365.0,0,0.01725049729694476,528984.75,0.4822462691517534,1
1447,67,12934.89,Saúde,252.57,Alta,0,180.0,2,0.019526258050899543,866637.63,0.5942153827077682,1
265,69,19634.53,Residencial,250.38,Baixa,0,365.0,0,0.012752024112622,1354782.5699999998,0.8005251454818931,1
4999,21,6199.5,Saúde,819.41,Alta,0,180.0,2,0.13217356238406322,130189.5,0.655712075501192,1
4501,43,11143.28,Saúde,313.91,Alta,1,365.0,2,0.028170341228076472,479161.04000000004,0.4988022351731527,1
4450,36,16866.66,Saúde,681.06,Baixa,0,180.0,0,0.040379067343504875,607199.76,0.5449803726249358,1
4624,53,10015.38,Saúde,1162.83,Alta,0,180.0,2,0.1161044313845306,530815.14,0.61700300040708,1
201,43,14821.38,Saúde,1420.05,Alta,1,365.0,2,0.0958109163924007,637319.34,0.5702011484269055,1
372,37,17661.74,Residencial,856.75,Média,1,180.0,1,0.04850881057019297,653484.38,0.5653905325312601,1
3315,79,11220.53,Empresarial,93.88,Baixa,0,365.0,0,0.008366806202559059,886421.87,0.6003125075462504,1
4651,72,11767.76,Auto,650.61,Média,0,180.0,1,0.05528749736568387,847278.72,0.6043948273975994,1
110,64,17495.21,Saúde,780.23,Baixa,0,180.0,0,0.04459677820386266,1119693.44,0.5236798996793188,1
4128,46,9386.91,Empresarial,343.86,Média,1,365.0,1,0.03663186288139548,431797.86,0.4230925224503347,1
3408,34,7177.56,Saúde,1323.93,Baixa,1,180.0,0,0.18445404845100563,244037.04,0.683458046769203,1
3754,53,5339.7,Residencial,453.26,Alta,1,365.0,2,0.08488491862838736,283004.1,0.4886392729337909,1
3111,79,3225.41,Saúde,593.01,Baixa,1,365.0,0,0.18385569586502182,254807.38999999998,0.44154098820527005,1
2306,78,3426.63,Residencial,742.38,Alta,1,365.0,2,0.216650178163385,267277.14,0.5355304667553746,1
4594,32,4498.61,Auto,166.5,Média,0,365.0,1,0.037011432420236474,143955.52,0.46657929648533963,1
2641,24,5307.62,Empresarial,1269.28,Média,0,365.0,1,0.239142968034637,127382.88,0.514930034602248,1
1981,53,12750.8,Vida,282.23,Média,0,180.0,1,0.02213429745584591,675792.3999999999,0.4780783741457035,1
4298,25,7115.16,Saúde,674.65,Alta,1,365.0,2,0.0948186688704119,177879.0,0.41010775256275583,1
1476,30,3813.23,Empresarial,258.03,Baixa,1,365.0,0,0.06766704342512778,114396.9,0.5019248447603395,1
2729,65,15677.24,Vida,1129.34,Média,0,180.0,1,0.072036914660999,1019020.6,0.6401652476968088,1
3933,46,9531.75,Vida,951.71,Alta,0,365.0,2,0.09984630314475307,438460.5,0.4612733200351912,1
2093,34,12913.38,Auto,1048.54,Alta,0,365.0,2,0.08119795127224631,439054.92,0.5124228583415522,1
3889,54,18244.41,Empresarial,1438.45,Baixa,1,180.0,0,0.07884332790153258,985198.14,0.8519445619040247,1
247,69,9563.87,Residencial,1040.42,Alta,1,180.0,2,0.10878650588098751,659907.03,0.6291703495624388,1
3338,22,17288.3,Residencial,697.87,Alta,0,180.0,2,0.040366606317567374,380342.6,0.6647362621911166,1
4281,68,2979.1,Auto,937.73,Baixa,0,365.0,0,0.3147695612768957,202578.8,0.5008409265832704,1
3906,72,11262.71,Vida,224.95,Alta,1,180.0,2,0.019972990514716262,810915.1199999999,0.45401929653833545,1
3722,43,9765.25,Residencial,90.09,Alta,0,180.0,2,0.009225570261898058,419905.75,0.8897873223743438,1
3992,57,4312.94,Residencial,522.19,Alta,1,365.0,2,0.121075183053787,245837.58,0.4245866529380602,1
3297,66,15220.8,Auto,939.13,Média,0,365.0,1,0.061700436245138233,1004572.7999999999,0.45148774988242846,1
2637,37,15176.23,Residencial,1053.57,Baixa,0,365.0,0,0.06942237960283944,561520.51,0.4298092522377169,1
2140,69,18090.31,Residencial,563.61,Alta,0,365.0,2,0.031155353335570256,1248231.3900000001,0.45638539168657205,1
3775,57,12779.56,Vida,618.21,Média,0,365.0,1,0.048374904926304196,728434.9199999999,0.4422795538751152,1
2182,72,17258.87,Saúde,1376.09,Alta,0,365.0,2,0.07973233473570401,1242638.64,0.41872498151707116,1
2740,25,12629.93,Empresarial,1272.11,Alta,1,365.0,2,0.10072185673238093,315748.25,0.5193435354551145,1
246,68,13552.93,Saúde,192.65,Alta,1,365.0,2,0.014214638458252202,921599.24,0.47029542255519396,1
1531,40,19028.81,Auto,1062.41,Baixa,0,365.0,0,0.05583165736585735,761152.4,0.47413710349057386,1
4396,77,10374.91,Empresarial,780.51,Média,1,180.0,1,0.07523053212027864,798868.07,0.6556029466816995,1
3652,62,15788.86,Vida,1348.25,Baixa,1,365.0,0,0.08539248558793985,978909.3200000001,0.477035459650892,1
1700,40,13090.45,Saúde,206.38,Alta,1,365.0,2,0.015765691782941,523618.0,0.5020757725499351,1
1444,70,8845.34,Saúde,497.53,Média,1,180.0,1,0.056247696527210934,619173.8,0.5615935599368507,1
2868,78,11677.29,Empresarial,1219.94,Média,1,180.0,1,0.10447115726337189,910828.6200000001,0.48123282713640714,1
2589,31,18451.48,Empresarial,1086.47,Baixa,1,365.0,0,0.05888253950360622,571995.88,0.4001239342637637,1
2966,42,16275.65,Vida,725.07,Média,0,365.0,1,0.04454937283610793,683577.2999999999,0.42523694565739023,1
4499,51,10368.27,Residencial,463.85,Alta,1,365.0,2,0.0447374537893014,528781.77,0.5017876397365528,1
1285,19,14328.98,Empresarial,380.51,Média,1,180.0,1,0.026555274695058546,272250.62,0.6876950012102941,1
575,76,8925.66,Empresarial,419.63,Média,1,180.0,1,0.04701389028934555,678350.16,0.4292209295475884,1
3861,32,12787.28,Vida,215.32,Média,0,180.0,1,0.01683860836706477,409192.96,0.4886230122431261,1
3245,51,8733.99,Saúde,804.62,Baixa,0,365.0,0,0.09212513410251215,445433.49,0.455183767819845,1
482,24,16048.63,Saúde,667.96,Alta,1,180.0,2,0.04162099817866074,385167.12,0.6271360467689989,1
4882,71,3845.41,Auto,455.91,Média,0,365.0,1,0.11855952941298849,273024.11,0.4023123061579387,1
3146,59,13023.85,Auto,1008.36,Alta,1,365.0,2,0.07742411038210667,768407.15,0.4128907749146664,1
875,46,3103.73,Residencial,1441.5,Média,0,365.0,1,0.46444117239579474,142771.58,0.7367214718294753,1
2519,35,7562.09,Saúde,770.92,Média,1,365.0,1,0.10194536166588866,264673.15,0.484094184010356,1
2628,42,10419.41,Empresarial,517.41,Alta,1,180.0,2,0.04965828199485383,437615.22,0.6758157017921587,1
4209,74,13839.38,Vida,750.1,Alta,1,180.0,2,0.05420040493143479,1024114.12,0.5163577850272364,1
3970,46,10394.36,Auto,954.6,Baixa,1,365.0,0,0.09183826613663564,478140.56000000006,0.5382965255683164,1
4716,66,18577.16,Vida,554.43,Baixa,1,180.0,0,0.029844712539483967,1226092.56,0.546867160733292,1
271,59,10558.35,Auto,1426.84,Média,0,365.0,1,0.13513853963924286,622942.65,0.45773155482191674,1
367,33,6215.46,Auto,511.47,Média,1,180.0,1,0.0822899672751494,205110.18,0.6668381579270047,1
3946,18,2026.85,Vida,1065.8,Alta,0,730.0,2,0.5258405900782002,36483.299999999996,0.550878864137671,1
1118,26,14019.84,Vida,357.72,Alta,0,365.0,2,0.02551526978909888,364515.84,0.41814007325227015,1
472,64,5489.61,Auto,754.34,Média,0,180.0,1,0.13741231162140846,351335.04,0.6178916329160334,1
448,46,7730.14,Residencial,1183.87,Baixa,1,180.0,0,0.15314987826869886,355586.44,0.6926138527859943,1
938,44,7535.65,Empresarial,384.74,Alta,0,180.0,2,0.051055980572346116,331568.6,0.7534728115556613,1
4975,51,6747.51,Vida,378.13,Alta,1,365.0,2,0.05603993176742235,344123.01,0.4958190445810867,1
3817,36,13411.25,Empresarial,1256.33,Baixa,1,180.0,0,0.09367732314288377,482805.0,0.5715549647265383,1
1656,37,10706.11,Residencial,413.88,Média,0,180.0,1,0.038658298859249526,396126.07,0.5682176182901072,1
4123,45,16501.79,Saúde,671.09,Alta,1,365.0,2,0.040667709381830695,742580.55,0.511804816397238,1
81,75,8969.85,Empresarial,694.44,Baixa,1,365.0,0,0.07741935483870968,672738.75,0.5202811391340975,1
3642,44,19366.66,Auto,930.86,Média,0,365.0,1,0.0480650767866013,852133.04,0.4355171483901646,1
974,19,16601.28,Auto,1373.21,Alta,0,180.0,2,0.08271711578866209,315424.31999999995,0.4083712500411156,1
4428,45,7995.99,Auto,207.83,Baixa,0,180.0,0,0.025991778378912433,359819.55,0.5308719446531814,1
581,42,11348.29,Empresarial,190.21,Alta,1,180.0,2,0.01676111555132976,476628.18000000005,0.5961675400277662,1
2393,79,12394.52,Auto,924.05,Média,1,180.0,1,0.07455310895460251,979167.0800000001,0.5769878471745443,1
343,61,5495.1,Auto,1279.71,Alta,1,365.0,2,0.2328820221652017,335201.10000000003,0.4163275912812615,1
2677,28,12343.97,Residencial,1197.1,Baixa,0,365.0,0,0.09697852473717937,345631.16,0.4288406104775766,1
3492,58,14575.98,Residencial,1153.78,Baixa,1,365.0,0,0.07915625570287556,845406.84,0.44543282265336215,1
4726,77,11380.67,Empresarial,366.83,Baixa,0,180.0,0,0.03223272443538034,876311.59,0.587049458321675,1
898,23,3094.94,Empresarial,827.98,Média,1,365.0,1,0.2675269956768144,71183.62,0.4276122536540929,1
2760,63,10425.17,Residencial,688.81,Média,1,180.0,1,0.06607182424842951,656785.71,0.6152711388799509,1
3552,39,9771.08,Auto,552.18,Baixa,0,180.0,0,0.0565116650360042,381072.12,0.6492660843329872,1
2758,27,17221.48,Empresarial,1101.08,Média,0,180.0,1,0.06393643287336512,464979.95999999996,0.6472722614038751,1
3841,28,12403.45,Residencial,437.6,Baixa,0,180.0,0,0.035280506633235106,347296.60000000003,0.6171162718250024,1
4577,49,2966.22,Vida,911.28,Alta,1,365.0,2,0.30721928919635094,145344.78,0.4856281961623581,1
89,38,11446.24,Empresarial,640.29,Média,1,365.0,1,0.055938893470694306,434957.12,0.5804605868022664,1
1761,58,19820.35,Residencial,340.32,Alta,1,365.0,2,0.017170231605395464,1149580.2999999998,0.4704974618582196,1
4062,29,9646.58,Saúde,1169.07,Alta,1,365.0,2,0.12119010053303865,279750.82,0.45187036461877367,1
4447,40,10570.71,Residencial,933.49,Baixa,0,730.0,0,0.08830911074090578,422828.39999999997,0.40626491379519,1
1696,63,14911.84,Residencial,608.46,Baixa,0,365.0,0,0.0408038176375283,939445.92,0.5000920009412227,1
3511,63,10097.61,Vida,1471.67,Alta,0,180.0,2,0.1457443890187876,636149.43,0.6015097858454833,1
3608,49,11868.99,Empresarial,1225.28,Baixa,0,365.0,0,0.10323372081364969,581580.51,0.447374761317509,1
688,19,13962.93,Saúde,1218.41,Baixa,1,180.0,0,0.08726033862520259,265295.67,0.7669730386104282,1
4854,37,16615.71,Auto,276.08,Média,0,180.0,1,0.016615600537082074,614781.27,0.55700249781336,1
2417,65,6141.45,Empresarial,657.01,Baixa,0,365.0,0,0.10697962207621979,399194.25,0.45351050994795794,1
3309,22,2661.17,Residencial,843.24,Alta,1,180.0,2,0.3168681444627739,58545.740000000005,0.5245759758161908,1
3991,27,17390.41,Empresarial,565.0,Média,0,365.0,1,0.03248917075560611,469541.07,0.5000979236559152,1
1539,40,7483.84,Empresarial,1351.71,Baixa,1,365.0,0,0.18061716979518536,299353.6,0.48412876599344123,1
2425,36,13752.13,Empresarial,164.12,Média,1,180.0,1,0.011934151291472668,495076.68,0.44715590228700247,1
3045,70,1646.94,Vida,131.0,Alta,1,365.0,2,0.07954145263336855,115285.8,0.4271963028490776,1
288,57,3172.02,Empresarial,197.67,Média,1,365.0,1,0.06231675714528912,180805.13999999998,0.4131824011010646,1
4662,79,8998.38,Saúde,891.43,Baixa,1,365.0,0,0.09906560958750353,710872.0199999999,0.43706457561791756,1
1675,29,14895.37,Vida,1328.96,Alta,0,180.0,2,0.08921967027338025,431965.73000000004,0.7826052407621829,1
150,64,9749.4,Residencial,703.31,Alta,1,365.0,2,0.07213879828502266,623961.6,0.5368724825307818,1
2338,78,6752.67,Vida,931.58,Baixa,1,365.0,0,0.13795728208249478,526708.26,0.42292216801317845,1
2370,73,4129.59,Residencial,117.16,Alta,0,180.0,2,0.028370855218072494,301460.07,0.4826746853554737,1
3805,25,14441.89,Auto,346.25,Média,0,180.0,1,0.023975393802334738,361047.25,0.6446861270860653,1
4111,56,4773.17,Saúde,525.01,Média,0,365.0,1,0.1099918921806682,267297.52,0.4655282131751754,1
1959,57,9737.24,Empresarial,217.48,Baixa,1,180.0,0,0.02233487107229564,555022.6799999999,0.5381759989965859,1
1906,42,9968.19,Vida,798.43,Alta,1,180.0,2,0.08009779107340449,418663.98000000004,0.5720472621666511,1
872,64,12790.91,Vida,1052.17,Baixa,1,180.0,0,0.08225919813367462,818618.24,0.5435505478361696,1
578,42,4085.95,Auto,629.67,Alta,0,365.0,2,0.154106144225945,171609.9,0.40924324647257326,1
3588,35,16683.96,Auto,1070.53,Média,0,180.0,1,0.0641652221654811,583938.6,0.573878943072616,1
2299,65,19986.33,Auto,431.13,Média,0,180.0,1,0.021571243945236566,1299111.4500000002,0.43437749893274985,1
1091,37,7412.34,Saúde,1371.33,Média,0,365.0,1,0.18500635426869247,274256.58,0.4714780763147571,1
4703,76,12672.55,Saúde,365.28,Média,0,180.0,1,0.028824506512106877,963113.7999999999,0.49155230795947374,1
2931,64,6260.89,Vida,386.24,Baixa,0,365.0,0,0.061690909758836204,400696.96,0.41171748085362686,1
4926,49,2693.52,Saúde,674.4,Média,1,365.0,1,0.2503786866256794,131982.48,0.46298333600460273,1
469,30,6807.27,Saúde,1403.38,Baixa,0,365.0,0,0.20615900353592556,204218.1,0.4235541608066,1
2610,45,18683.18,Empresarial,268.85,Alta,1,365.0,2,0.014389948606179462,840743.1,0.4920399613263684,1
2673,59,13438.67,Auto,862.09,Média,1,180.0,1,0.06414994936254853,792881.53,0.6245862465164507,1
150,64,9749.4,Auto,823.9,Média,0,180.0,1,0.08450776458038443,623961.6,0.5982511271095211,1
1144,28,16951.8,Vida,305.94,Média,1,180.0,1,0.018047640958482287,474650.39999999997,0.538588083728968,1
4732,76,6907.86,Residencial,804.87,Média,1,365.0,1,0.1165151001902181,524997.36,0.5566215926906547,1
2449,44,1927.67,Saúde,825.81,Média,1,365.0,1,0.42839801418292545,84817.48000000001,0.41307727023478535,1
656,60,19599.17,Vida,134.05,Alta,1,180.0,2,0.006839575349364285,1175950.2,0.7147625765369325,1
4358,54,15662.43,Empresarial,466.47,Baixa,1,365.0,0,0.029782734862981032,845771.22,0.4308436967215585,1
3829,70,17162.2,Empresarial,719.76,Alta,0,180.0,2,0.04193867919031359,1201354.0,0.6203252616419718,1
2837,48,9001.22,Residencial,794.86,Média,0,730.0,1,0.08830580743499215,432058.55999999994,0.41746903272731795,1
4663,75,12795.6,Auto,617.84,Baixa,1,365.0,0,0.04828534808840539,959670.0,0.6317733077193728,1
3533,68,3396.63,Empresarial,842.34,Média,0,365.0,1,0.247992863514719,230970.84,0.44568158804016,1
4340,77,4122.43,Vida,994.65,Média,1,365.0,1,0.24127759598101117,317427.11000000004,0.4104983709760323,1
3850,42,10806.65,Vida,404.53,Média,1,365.0,1,0.037433432192214976,453879.3,0.42165231217537286,1
2569,69,6750.63,Saúde,939.77,Baixa,0,365.0,0,0.13921219204726076,465793.47000000003,0.4932418174315906,1
4794,60,6107.07,Residencial,396.96,Alta,1,365.0,2,0.06500007368508957,366424.19999999995,0.42724158441412347,1
4521,45,11728.71,Residencial,656.12,Alta,0,365.0,2,0.05594136098513818,527791.95,0.5715928033556179,1
4031,31,16080.52,Residencial,489.8,Baixa,0,180.0,0,0.030459214005517234,498496.12,0.7047990126632443,1
3254,54,3783.56,Saúde,1159.46,Média,1,365.0,1,0.3064468384273013,204312.24,0.5271179692974168,1
2848,63,10437.81,Auto,884.52,Baixa,1,365.0,0,0.0847419142521276,657582.0299999999,0.4552343440492302,1
3721,42,4806.47,Saúde,1459.64,Média,0,180.0,1,0.3036823281951203,201871.74000000002,0.5360790400093642,1
3903,37,15691.63,Saúde,1310.3,Baixa,1,180.0,0,0.08350311599241124,580590.3099999999,0.5541767911112226,1
157,70,2688.23,Empresarial,1410.89,Média,0,180.0,1,0.5248397644546784,188176.1,0.4897651121044461,1
4486,71,17787.12,Residencial,1174.65,Alta,1,365.0,2,0.0660393588169417,1262885.52,0.5403398672690828,1
849,45,3223.12,Empresarial,1024.48,Alta,1,365.0,2,0.31785350840179705,145040.4,0.47418653568109403,1
867,54,14339.57,Auto,1352.65,Baixa,1,365.0,0,0.09432988576365958,774336.78,0.4967981530290015,1
3662,53,7475.33,Auto,558.22,Baixa,0,365.0,0,0.07467496418218326,396192.49,0.491878966999321,1
75,77,10503.42,Residencial,1192.71,Alta,1,365.0,2,0.11355444226737577,808763.34,0.4079051137197096,1
3401,56,15726.73,Vida,1296.29,Baixa,0,180.0,0,0.08242590799231626,880696.88,0.5193064144854445,1
808,75,7297.98,Residencial,1011.07,Média,0,180.0,1,0.13854107574972802,547348.5,0.5491179527486505,1
1188,39,8070.07,Vida,992.94,Média,0,180.0,1,0.1230398249333649,314732.73,0.6620831083689803,1
710,27,17022.77,Empresarial,269.02,Baixa,0,365.0,0,0.015803538437046377,459614.79000000004,0.41911864589832376,1
3334,61,12013.46,Auto,746.66,Baixa,1,180.0,0,0.062151952892838536,732821.0599999999,0.705537905112561,1
2657,74,12510.89,Residencial,1215.59,Alta,1,365.0,2,0.09716255198471092,925805.86,0.5844592542541351,1
1519,33,2088.62,Auto,314.19,Média,0,180.0,1,0.15042947017648017,68924.45999999999,0.834389712010037,1
4897,42,2054.26,Saúde,105.88,Alta,1,365.0,2,0.05154167437422721,86278.92000000001,0.5395859309143629,1
2173,50,14700.93,Residencial,869.7,Média,1,180.0,1,0.059159522560817586,735046.5,0.6752774175849946,1
840,31,16580.85,Saúde,344.08,Baixa,1,365.0,0,0.020751650247122434,514006.35,0.4253922016079001,1
2837,48,9001.22,Empresarial,978.83,Alta,1,180.0,2,0.10874414801549125,432058.55999999994,0.627578273151479,1
1865,40,12217.9,Empresarial,283.97,Média,1,180.0,1,0.0232421283526629,488716.0,0.555949395563418,1
360,76,7515.93,Saúde,977.42,Alta,1,365.0,2,0.1300464480110911,571210.68,0.4126234488782141,1
3766,23,6659.27,Empresarial,431.87,Alta,0,365.0,2,0.06485245379748832,153163.21000000002,0.44869677359841736,1
2265,26,7101.8,Empresarial,877.75,Alta,1,365.0,2,0.12359542651158861,184646.80000000002,0.4463370925200494,1
1978,27,4079.33,Auto,1075.51,Alta,1,180.0,2,0.26364868740700065,110141.91,0.7037483809491356,1
1503,43,3992.55,Residencial,160.3,Baixa,1,180.0,0,0.040149778963319185,171679.65,0.45372291589241437,1
1314,63,8257.99,Saúde,1377.38,Baixa,0,365.0,0,0.1667936144267552,520253.37,0.41692680431609536,1
195,66,6011.47,Empresarial,872.44,Média,1,365.0,1,0.14512922795921795,396757.02,0.49944805012650617,1
4097,44,10276.54,Auto,1107.98,Alta,0,365.0,2,0.10781644405607334,452167.76,0.4369591282474892,1
98,52,6145.74,Auto,723.16,Média,0,180.0,1,0.11766849883008393,319578.48,0.6359339591308023,1
2617,47,18785.06,Empresarial,366.22,Alta,0,180.0,2,0.0194952797595536,882897.8200000001,0.5796706338796028,1
4847,61,9069.06,Auto,1168.36,Média,1,365.0,1,0.1288292281669765,553212.6599999999,0.4018676361034075,1
1594,30,4948.72,Saúde,933.53,Média,0,365.0,1,0.18864069900903666,148461.6,0.4096471619830873,1
2606,27,14389.73,Residencial,1351.44,Baixa,1,365.0,0,0.09391698106913751,388522.70999999996,0.4016172326954206,1
3251,21,13040.21,Saúde,1173.25,Média,1,180.0,1,0.08997171057828057,273844.41,0.6671838853750849,1
2981,37,18536.73,Empresarial,724.6,Alta,0,180.0,2,0.03908995815335283,685859.01,0.5126270453441476,1
3231,41,3349.86,Empresarial,317.45,Alta,1,180.0,2,0.09476515436466001,137344.26,0.5792725099556073,1
4576,65,3208.97,Vida,1069.39,Média,1,180.0,1,0.3332502329407879,208583.05,0.5745917226158705,1
3604,42,14565.52,Saúde,579.37,Média,0,365.0,1,0.039776815383178905,611751.84,0.46346500329921664,1
2403,80,5933.02,Vida,905.47,Média,0,365.0,1,0.15261536283376761,474641.60000000003,0.4192717807181529,1
189,27,16713.12,Saúde,378.47,Média,0,180.0,1,0.022645083622926183,451254.24,0.6105984881547681,1
3740,43,13921.63,Empresarial,964.41,Alta,0,365.0,2,0.06927421573479542,598630.09,0.5317446973445537,1
4963,33,3992.08,Auto,202.68,Baixa,1,365.0,0,0.05077052564076873,131738.63999999998,0.4055421489404163,1
1128,43,16154.35,Auto,997.36,Média,1,180.0,1,0.06173940765180896,694637.05,0.7220455903276355,1
1510,37,10860.22,Empresarial,1406.43,Média,1,180.0,1,0.12950290141452017,401828.13999999996,0.6438377173534315,1
4531,71,9913.07,Residencial,1385.44,Alta,1,365.0,2,0.13975892432919368,703827.97,0.6648555923015418,1
446,76,17121.93,Auto,525.7,Baixa,1,180.0,0,0.030703314404392498,1301266.68,0.6655366630732961,1
4437,51,9873.09,Auto,794.94,Baixa,1,180.0,0,0.08051582635223624,503527.59,0.6127894784645365,1
3546,37,6887.92,Vida,467.89,Baixa,1,180.0,0,0.06792907002404208,254853.04,0.5042938208889085,1
2446,50,3872.56,Auto,523.41,Média,1,365.0,1,0.13515865474001693,193628.0,0.4733719731623062,1
2809,62,6497.32,Saúde,869.67,Média,1,180.0,1,0.13385057223593727,402833.83999999997,0.6893233640875662,1
1152,40,4654.48,Vida,1302.67,Média,1,180.0,1,0.2798744435468624,186179.19999999998,0.4665132839766776,1
4605,74,7041.08,Vida,1383.32,Baixa,1,180.0,0,0.19646417879075367,521039.92,0.4052309219119867,1
150,64,9749.4,Empresarial,1246.76,Alta,1,180.0,2,0.12788069009374936,623961.6,0.53827733214049,1
820,39,16581.49,Vida,442.63,Alta,1,180.0,2,0.026694223498612002,646678.1100000001,0.4351112266478278,1
2547,29,16704.43,Auto,983.07,Baixa,0,180.0,0,0.05885085573108451,484428.47000000003,0.5746609960634922,1
46,58,5929.87,Residencial,1311.8,Alta,1,365.0,2,0.22121901491938273,343932.46,0.4200290338991096,1
504,67,7566.52,Vida,692.21,Baixa,0,180.0,0,0.09148327104137702,506956.84,0.6019029916259032,1
4232,46,19774.58,Residencial,668.23,Alta,0,180.0,2,0.03379237384561391,909630.68,0.6614978817490754,1
1937,48,11837.62,Saúde,790.57,Média,0,180.0,1,0.06678453945979006,568205.76,0.7290904454547888,1
2595,73,15300.21,Residencial,234.78,Média,0,180.0,1,0.0153448874231138,1116915.3299999998,0.655926933449643,1
2248,46,10162.05,Auto,276.27,Média,0,365.0,1,0.02718644368016296,467454.3,0.4468335144585184,1
979,62,11917.51,Auto,996.42,Alta,0,365.0,2,0.0836097473381604,738885.62,0.4405183026704318,1
2037,32,3494.62,Residencial,818.49,Baixa,1,180.0,0,0.23421430656265918,111827.84,0.593557305197926,1
569,71,8910.76,Residencial,597.8,Alta,1,365.0,2,0.06708743137510155,632663.96,0.5644456889883644,1
1341,55,11476.79,Vida,1343.81,Alta,0,365.0,2,0.11708936035250274,631223.4500000001,0.4574761906669654,1
1286,77,8243.13,Saúde,1092.98,Alta,1,365.0,2,0.13259283791472415,634721.0099999999,0.4045424016797113,1
2024,68,16209.47,Vida,514.2,Alta,1,180.0,2,0.03172219696263975,1102243.96,0.49073082200114204,1
2552,44,7291.88,Saúde,1215.69,Média,0,365.0,1,0.1667183222982276,320842.72000000003,0.45283327765013587,1
3124,35,10584.18,Auto,610.23,Baixa,0,365.0,0,0.05765491516584185,370446.3,0.47007936664124955,1
460,71,11759.0,Auto,232.38,Baixa,0,180.0,0,0.019761884513989286,834889.0,0.6455977179570519,1
3096,68,15970.63,Residencial,484.57,Alta,0,365.0,2,0.03034132028605008,1086002.8399999999,0.40379661983764,1
3239,23,2071.74,Vida,230.09,Média,0,365.0,1,0.11106123355247281,47650.02,0.4326747797028433,1
4779,58,7665.43,Residencial,1478.83,Média,1,365.0,1,0.1929219887207893,444594.94,0.47534617832758314,1
1585,43,15003.59,Saúde,790.18,Alta,1,365.0,2,0.052666061922513205,645154.37,0.4942703705624593,1
2308,20,15960.57,Empresarial,1324.23,Baixa,0,180.0,0,0.08296884133837326,319211.4,0.43744824974216423,1
1932,45,11535.05,Vida,178.24,Baixa,0,180.0,0,0.015452035318442489,519077.24999999994,0.47227949169584277,1
4432,65,10661.25,Residencial,1138.02,Alta,1,180.0,2,0.1067435807245867,692981.25,0.5907345623635432,1
1930,51,2807.92,Saúde,1194.87,Média,0,180.0,1,0.4255356277956636,143203.92,0.6740457734923561,1
364,49,9456.29,Auto,976.98,Baixa,0,365.0,0,0.10331535940627877,463358.21,0.5611693328723071,1
473,39,12764.28,Saúde,1496.2,Média,0,365.0,1,0.11721773574381007,497806.92000000004,0.47627138070171066,1
248,64,10195.19,Empresarial,594.6,Média,1,180.0,1,0.05832162029349134,652492.16,0.6570094879726858,1
4362,71,14483.75,Vida,776.34,Média,1,180.0,1,0.05360075947182187,1028346.25,0.5690755616515907,1
1495,32,12249.92,Auto,310.6,Alta,0,180.0,2,0.02535526762623756,391997.44,0.7853951040397606,1
3315,79,11220.53,Vida,608.07,Média,1,365.0,1,0.05419262726448751,886421.87,0.43664090143822926,1
740,41,2493.38,Empresarial,1150.85,Alta,0,365.0,2,0.46156221674995385,102228.58,0.4717887722020615,1
4770,26,8206.84,Empresarial,852.54,Média,1,365.0,1,0.10388164019281476,213377.84,0.48830447040736724,1
2508,43,6050.34,Empresarial,1328.14,Baixa,0,365.0,0,0.21951493635068445,260164.62,0.416928149480561,1
808,75,7297.98,Auto,179.88,Média,1,180.0,1,0.024647916272722042,547348.5,0.451163834198983,1
2192,47,2032.3,Vida,203.92,Alta,1,365.0,2,0.1003395168036215,95518.09999999999,0.4276209414706661,1
1401,31,10614.3,Empresarial,1458.08,Média,0,730.0,1,0.1373693978877552,329043.3,0.4155949506929629,1
2270,47,4185.35,Vida,1221.36,Baixa,1,365.0,0,0.2918178885875733,196711.45,0.4072193806853176,1
1639,43,10076.21,Vida,1291.23,Alta,1,365.0,2,0.12814639631369334,433277.02999999997,0.5334172073037381,1
1741,60,3856.79,Residencial,1185.83,Alta,0,180.0,2,0.3074655348100363,231407.4,0.644379477478974,1
2770,54,19159.27,Vida,618.29,Alta,1,365.0,2,0.03227106251960539,1034600.5800000001,0.4433084856148378,1
969,51,10794.28,Vida,759.06,Alta,0,365.0,2,0.07032057719458823,550508.28,0.44493750128480014,1
3943,32,4859.87,Saúde,435.18,Baixa,0,180.0,0,0.08954560512935532,155515.84,0.7117747129074786,1
1492,35,5865.37,Saúde,1206.38,Média,0,365.0,1,0.205678414149491,205287.94999999998,0.4250089764906575,1
1689,66,14901.34,Auto,969.51,Média,0,180.0,1,0.06506193402740962,983488.4400000001,0.6270091670288809,1
2410,64,9024.8,Auto,1162.83,Baixa,0,180.0,0,0.12884828472653134,577587.2,0.5609020519646569,1
2374,54,9225.14,Residencial,215.6,Baixa,1,180.0,0,0.02337091903212309,498157.55999999994,0.5826514695561288,1
4524,77,5306.08,Vida,669.03,Baixa,0,180.0,0,0.1260874317763773,408568.16,0.5729969991417511,1
4059,77,16783.48,Vida,860.77,Média,1,180.0,1,0.05128674148627103,1292327.96,0.6683864900046277,1
1849,60,11403.13,Saúde,527.45,Baixa,1,365.0,0,0.04625484406474364,684187.7999999999,0.4367396306017848,1
1862,31,2292.07,Residencial,1148.24,Alta,1,365.0,2,0.5009620125039811,71054.17,0.5444277550090411,1
1449,68,9698.47,Auto,484.57,Baixa,1,365.0,0,0.04996355095185117,659495.96,0.4346648630534509,1
1027,50,9635.2,Saúde,564.4,Alta,1,180.0,2,0.058576884755895044,481760.00000000006,0.6262473229585701,1
4858,40,15436.56,Saúde,131.41,Média,1,365.0,1,0.00851290702073519,617462.4,0.40524558379814163,1
2468,57,3082.39,Empresarial,848.05,Baixa,0,365.0,0,0.2751274173612035,175696.22999999998,0.45107979114275504,1
4174,67,14841.85,Empresarial,1041.54,Baixa,0,365.0,0,0.07017588777679332,994403.9500000001,0.45614581003399746,1
95,64,17959.69,Residencial,819.85,Média,1,365.0,1,0.04564945163307385,1149420.16,0.4898159481244468,1
2109,35,19434.41,Vida,635.53,Alta,1,180.0,2,0.032701275726919415,680204.35,0.4738743099006332,1
379,80,13389.93,Saúde,854.92,Média,0,180.0,1,0.06384798128145554,1071194.4,0.48467591460970205,1
3623,53,17686.33,Vida,431.83,Média,1,180.0,1,0.024416032042826292,937375.4900000001,0.4291430569151927,1
3199,38,4977.14,Empresarial,892.67,Baixa,0,730.0,0,0.17935400651779937,189131.32,0.43256176104855615,1
2329,57,9257.15,Saúde,1016.39,Alta,1,180.0,2,0.10979513133091719,527657.5499999999,0.5901139252396461,1
1049,39,6386.53,Residencial,1047.6,Baixa,1,365.0,0,0.16403273765252804,249074.66999999998,0.5306140965707409,1
3981,47,16856.44,Residencial,252.1,Alta,0,180.0,2,0.014955708322753797,792252.6799999999,0.7175318705396716,1
2806,67,13483.77,Residencial,816.07,Baixa,0,730.0,0,0.060522390993023464,903412.5900000001,0.40191803010070243,1
1395,40,5543.47,Saúde,808.78,Média,1,365.0,1,0.14589778604375958,221738.80000000002,0.5178881549791392,1
966,49,19890.61,Vida,1371.65,Alta,1,180.0,2,0.06895967494209579,974639.89,0.48301739134390603,1
2116,64,5380.17,Auto,563.79,Média,0,365.0,1,0.10479036907755702,344330.88,0.4061499355229133,1
4697,63,15998.91,Saúde,1344.04,Média,0,365.0,1,0.08400822306019598,1007931.33,0.46651822712874275,1
1726,54,10208.61,Saúde,1436.08,Alta,0,365.0,2,0.14067341195324337,551264.9400000001,0.524373964092991,1
3369,64,15328.3,Empresarial,972.79,Média,1,365.0,1,0.06346365872275464,981011.2,0.4842299669125066,1
4342,51,7542.29,Residencial,1190.47,Alta,0,730.0,2,0.15783932996477198,384656.79,0.4031595429048888,1
2982,22,8175.88,Empresarial,1386.49,Média,0,730.0,1,0.1695829684388714,179869.36000000002,0.43084257072425514,1
3048,19,7955.35,Empresarial,123.48,Média,0,730.0,1,0.015521630097984376,151151.65,0.5175667872514442,1
970,67,1982.16,Residencial,649.65,Alta,0,180.0,2,0.32774851676958466,132804.72,0.5885687277480535,1
4520,56,6957.78,Empresarial,635.35,Alta,1,365.0,2,0.09131504589107446,389635.68,0.6114692747219969,1
3053,66,5433.75,Auto,972.21,Alta,0,180.0,2,0.17892063492063492,358627.5,0.5998493319600869,1
2117,39,10835.83,Auto,1200.15,Média,0,365.0,1,0.11075755156734648,422597.37,0.4366757708461155,1
2045,80,12839.69,Residencial,714.2,Baixa,0,365.0,0,0.05562439591610078,1027175.2000000001,0.5756337164387603,1
4257,22,4349.11,Vida,627.76,Média,1,730.0,1,0.1443421757554994,95680.42,0.4299244969914089,1
2725,36,15676.71,Auto,1110.09,Baixa,1,180.0,0,0.07081141387446728,564361.5599999999,0.6248106617402368,1
4603,49,5327.52,Saúde,284.4,Baixa,0,365.0,0,0.05338318767456527,261048.48,0.46565751779423564,1
3965,42,7566.96,Residencial,800.08,Baixa,1,365.0,0,0.10573334602006619,317812.32,0.5259733223845342,1
4082,32,19026.0,Empresarial,318.65,Baixa,1,180.0,0,0.01674813413224009,608832.0,0.5763756325113495,1
4868,48,10264.01,Auto,232.09,Média,1,180.0,1,0.0226120200584372,492672.48,0.5547209173174746,1
4600,66,12183.23,Empresarial,910.27,Alta,1,180.0,2,0.07471499758274283,804093.1799999999,0.5827733676131938,1
997,42,5586.56,Residencial,1433.3,Alta,1,365.0,2,0.2565621777981441,234635.52000000002,0.45608614642449297,1
1067,74,6568.58,Residencial,1331.82,Alta,0,180.0,2,0.20275615125339114,486074.92,0.5240969084369448,1
1322,38,14824.73,Auto,871.17,Alta,1,365.0,2,0.05876464529202218,563339.74,0.42916229978219406,1
3187,21,19562.46,Empresarial,464.71,Média,1,365.0,1,0.0237551923428853,410811.66,0.4631794463982978,1
742,43,8839.01,Saúde,992.68,Média,0,365.0,1,0.11230669498054646,380077.43,0.4370154528122527,1
3095,77,14520.95,Residencial,538.46,Alta,0,180.0,2,0.037081595901094624,1118113.1500000001,0.49153415120628396,1
3900,48,19523.21,Empresarial,773.24,Baixa,0,180.0,0,0.03960619180964606,937114.08,0.4105929428217828,1
2352,59,3446.7,Saúde,771.09,Média,1,365.0,1,0.22371833928105145,203355.3,0.47504879943700773,1
1019,77,1570.59,Vida,235.12,Alta,0,180.0,2,0.14970170445501374,120935.43,0.8099386007687692,1
2540,32,3320.57,Vida,1364.47,Média,1,180.0,1,0.4109143912039198,106258.24,0.8136855569362933,1
3148,71,16657.82,Vida,1346.03,Baixa,1,180.0,0,0.08080469113005183,1182705.22,0.7764153566388375,1
2872,45,5875.34,Auto,167.48,Alta,0,180.0,2,0.028505584357671213,264390.3,0.5756159500305078,1
2615,54,2314.23,Auto,468.26,Baixa,1,365.0,0,0.202339439035878,124968.42,0.4018262476121735,1
2564,37,3509.81,Auto,147.77,Baixa,0,180.0,0,0.04210199412503811,129862.97,0.488343113127243,1
796,75,16488.44,Auto,1316.26,Média,1,180.0,1,0.07982926219824314,1236633.0,0.5926834261604002,1
2690,50,16565.85,Residencial,138.92,Alta,0,365.0,2,0.008385926469212265,828292.4999999999,0.422535434094803,1
786,21,3459.97,Saúde,1212.81,Baixa,0,365.0,0,0.3505261606314506,72659.37,0.45398931423885286,1
3079,37,8349.74,Residencial,604.63,Média,0,180.0,1,0.07241303322019609,308940.38,0.6307479636317934,1
2002,48,5653.62,Empresarial,483.81,Média,0,730.0,1,0.08557525974508368,271373.76,0.421947227390974,1
1594,30,4948.72,Saúde,498.81,Alta,1,365.0,2,0.10079576132818183,148461.6,0.4225166843437783,1
3870,19,1860.37,Empresarial,1157.17,Média,1,365.0,1,0.6220106752957746,35347.03,0.45164679471483943,1
1326,76,13146.5,Vida,1092.0,Média,1,180.0,1,0.08306393336629521,999134.0,0.5073219024961636,1
2065,69,8804.01,Saúde,899.69,Baixa,1,365.0,0,0.10219093344964397,607476.6900000001,0.4296235550203213,1
4634,31,5098.13,Empresarial,1247.67,Baixa,1,365.0,0,0.24473091113800552,158042.03,0.569264192489909,1
4442,75,10589.67,Residencial,149.19,Alta,1,180.0,2,0.014088257707747267,794225.25,0.7955982063574851,1
590,60,9659.21,Auto,911.29,Média,0,180.0,1,0.09434415443913116,579552.6,0.6585867999841868,1
166,47,16265.63,Empresarial,998.16,Alta,1,365.0,2,0.0613662059200904,764484.61,0.47515658481587997,1
1082,59,10133.91,Residencial,1411.08,Média,1,180.0,1,0.13924339174119368,597900.69,0.5604672272004777,1
2078,77,14065.28,Auto,612.96,Baixa,0,365.0,0,0.043579651453792605,1083026.56,0.42353443114290534,1
3059,46,17558.38,Residencial,1494.78,Média,1,365.0,1,0.08513199964917036,807685.4800000001,0.45984235711526034,1
1931,37,6986.91,Vida,1092.94,Média,1,180.0,1,0.15642680383746177,258515.66999999998,0.5539038920831207,1
4649,41,19496.08,Auto,856.74,Média,1,180.0,1,0.04394421853008399,799339.28,0.5739947262387646,1
4947,19,7193.0,Saúde,493.96,Baixa,0,180.0,0,0.06867232031141388,136667.0,0.5287722276992761,1
727,27,8477.64,Saúde,563.65,Baixa,0,365.0,0,0.06648666374132424,228896.27999999997,0.45049332611544207,1
4508,66,12406.88,Vida,762.83,Média,1,180.0,1,0.06148443444282528,818854.08,0.5701406928016324,1
1214,58,18036.52,Empresarial,1359.01,Alta,1,365.0,2,0.07534768347774404,1046118.16,0.587443202955184,1
4802,29,12129.63,Auto,1092.67,Média,1,365.0,1,0.09008271480663467,351759.26999999996,0.4505248339855245,1
1052,41,8931.82,Saúde,215.6,Média,0,180.0,1,0.024138417478184737,366204.62,0.5043725847702942,1
501,61,6434.33,Auto,123.31,Baixa,1,365.0,0,0.019164388522192675,392494.13,0.6211086073184695,1
199,55,17785.92,Saúde,1371.92,Baixa,0,365.0,0,0.07713517209118224,978225.5999999999,0.5152537104865665,1
2225,40,14104.28,Residencial,1155.9,Média,0,180.0,1,0.08195384663378776,564171.2000000001,0.6147100282753497,1
4090,73,15830.49,Empresarial,653.92,Baixa,0,365.0,0,0.04130762850676132,1155625.77,0.5837527399386134,1
191,72,9556.51,Auto,730.39,Alta,0,365.0,2,0.07642852882485342,688068.72,0.4062807772294874,1
3551,50,12190.77,Empresarial,1385.38,Alta,1,365.0,2,0.11364171418212304,609538.5,0.5691012876827193,1
1930,51,2807.92,Residencial,1396.98,Média,1,365.0,1,0.4975141741929969,143203.92,0.7430915357131992,1
4992,35,2357.63,Vida,550.12,Média,1,730.0,1,0.23333601964684875,82517.05,0.4158577666670194,1
847,65,15371.34,Vida,567.24,Baixa,0,365.0,0,0.036902443118166664,999137.1,0.43175073476250087,1
4307,48,12583.64,Saúde,1486.57,Média,1,365.0,1,0.11813513419010715,604014.72,0.42208546504379557,1
3305,28,18300.0,Auto,957.92,Baixa,0,180.0,0,0.052345355191256826,512400.0,0.6177164954571092,1
1754,35,7557.05,Auto,207.47,Alta,1,180.0,2,0.02745383449891161,264496.75,0.5087605743342931,1
2723,64,14448.32,Auto,1415.67,Alta,1,180.0,2,0.09798163385085602,924692.48,0.5745891461916728,1
2671,31,5983.53,Saúde,836.45,Média,0,180.0,1,0.1397920625450194,185489.43,0.6883127125268105,1
4085,20,13981.35,Residencial,583.47,Baixa,0,180.0,0,0.04173202158589836,279627.0,0.6663868409698649,1
2556,75,16934.53,Empresarial,240.87,Baixa,0,365.0,0,0.014223601127400643,1270089.75,0.546825804925515,1
1813,69,18653.62,Empresarial,211.01,Média,0,180.0,1,0.011312013432245324,1287099.78,0.5023941084295873,1
1335,46,2773.59,Empresarial,1087.35,Baixa,1,180.0,0,0.3920370350340172,127585.14000000001,0.8379693157631322,1
1906,42,9968.19,Residencial,148.05,Baixa,0,365.0,0,0.014852244991317381,418663.98000000004,0.4698695150888638,1
3938,75,4381.53,Saúde,507.2,Média,0,180.0,1,0.11575865051705683,328614.75,0.5634769641514084,1
1188,39,8070.07,Auto,727.09,Alta,0,180.0,2,0.09009711192096227,314732.73,0.6971167813640804,1
550,62,16386.73,Vida,1059.36,Média,1,365.0,1,0.06464743118364677,1015977.26,0.44818920283372016,1
1640,37,10762.17,Vida,816.55,Baixa,0,180.0,0,0.0758722450955523,398200.29,0.5359114993915077,1
1939,29,11483.23,Auto,514.11,Alta,0,365.0,2,0.04477050446607793,333013.67,0.464806270686985,1
2821,25,17817.39,Empresarial,995.7,Média,0,365.0,1,0.05588360584799457,445434.75,0.4895737068571078,1
4857,50,9401.46,Empresarial,937.09,Alta,1,365.0,2,0.09967494410442634,470072.99999999994,0.4688797242410259,1
4754,51,8075.3,Residencial,421.26,Baixa,0,365.0,0,0.05216648297896053,411840.3,0.5633270804667209,1
2281,78,10492.87,Empresarial,571.04,Alta,1,365.0,2,0.054421716842007944,818443.8600000001,0.5565882487898405,1
413,47,4209.22,Vida,962.24,Média,1,365.0,1,0.22860292405718874,197833.34000000003,0.4494891296359069,1
3015,21,1656.86,Vida,1103.26,Média,0,180.0,1,0.6658740026314837,34794.06,0.9592679575922379,1
4242,46,14459.53,Auto,419.33,Média,0,365.0,1,0.029000251045504244,665138.38,0.4527849413747229,1
3644,81,17728.17,Empresarial,1169.92,Média,1,180.0,1,0.06599214696158713,1435981.7699999998,0.5269196158430223,1
4852,44,14246.44,Saúde,1189.02,Baixa,1,365.0,0,0.0834608505703881,626843.36,0.45553560371840174,1
821,51,10656.94,Empresarial,957.11,Baixa,0,365.0,0,0.08981095886811787,543503.9400000001,0.4879294437551962,1
1711,39,14019.27,Auto,1377.0,Alta,1,730.0,2,0.09822194736245182,546751.53,0.40838500668320515,1
3501,44,2744.33,Vida,1352.37,Baixa,1,180.0,0,0.49278694617629804,120750.51999999999,0.5055718188000955,1
575,76,8925.66,Auto,94.77,Média,0,365.0,1,0.010617702220340008,678350.16,0.5107737492905694,1
260,52,12764.13,Empresarial,340.5,Média,1,180.0,1,0.02667631871502406,663734.76,0.5451197456102982,1
3700,77,6771.84,Residencial,948.03,Média,1,365.0,1,0.13999592429827049,521431.68,0.47947790226016357,1
2144,64,17864.45,Saúde,1030.22,Baixa,0,180.0,0,0.057668721958974385,1143324.8,0.706119673704693,1
4989,48,11417.94,Vida,1191.7,Baixa,0,365.0,0,0.10437084097481682,548061.12,0.40725396324053015,1
2911,63,11350.69,Residencial,242.79,Baixa,0,730.0,0,0.021389889072822885,715093.4700000001,0.41758323910126915,1
3061,35,6567.25,Empresarial,1358.54,Média,1,365.0,1,0.20686588754806046,229853.75,0.5508673490006728,1
4250,20,9033.11,Saúde,701.43,Média,1,365.0,1,0.07765099727557839,180662.2,0.408895784390094,1
3694,62,17883.38,Saúde,906.79,Média,1,180.0,1,0.05070573907169673,1108769.56,0.5830338083042548,1
810,36,12921.21,Saúde,441.35,Alta,1,365.0,2,0.034157017802512304,465163.55999999994,0.4575461157546158,1
3699,23,7782.35,Auto,906.19,Baixa,0,365.0,0,0.11644169177690543,178994.05000000002,0.402440391934557,1
3454,40,15242.8,Vida,1426.55,Média,1,365.0,1,0.09358844831658225,609712.0,0.4811511385677969,1
520,19,5469.55,Residencial,601.52,Média,0,180.0,1,0.10997614063314166,103921.45,0.42258902012873467,1
1936,36,2256.18,Vida,1239.85,Alta,0,365.0,2,0.5495350548271858,81222.48,0.4485311527767877,1
4160,53,15578.3,Saúde,954.34,Média,0,365.0,1,0.06126085644775104,825649.8999999999,0.4061135309216618,1
2978,64,15866.96,Auto,634.56,Alta,1,180.0,2,0.03999253795307986,1015485.44,0.731905791495022,1
1611,81,18466.57,Auto,1053.35,Baixa,0,365.0,0,0.057040912308024716,1495792.17,0.4703880339015894,1
1046,34,12376.78,Vida,506.76,Baixa,1,180.0,0,0.040944413652016114,420810.52,0.45913483880852485,1
3913,65,15800.35,Vida,1414.39,Alta,1,365.0,2,0.08951637147278384,1027022.75,0.4267042937359356,1
1045,70,3581.6,Empresarial,643.37,Alta,1,365.0,2,0.17963200804109897,250712.0,0.523253108959967,1
4112,61,10885.58,Saúde,227.8,Alta,1,365.0,2,0.020926767338074775,664020.38,0.46466383129812067,1
4314,63,19361.27,Residencial,465.88,Alta,1,365.0,2,0.024062471108558477,1219760.01,0.43466235610659554,1
4563,71,5331.92,Auto,425.93,Alta,1,180.0,2,0.07988304400666177,378566.32,0.5139310541233546,1
53,30,8881.36,Vida,716.93,Alta,1,365.0,2,0.08072299737877982,266440.80000000005,0.41665500534353656,1
1534,50,9400.89,Saúde,242.01,Alta,1,365.0,2,0.02574330728260835,470044.5,0.49813202248625793,1
1011,45,7752.09,Empresarial,248.57,Alta,1,365.0,2,0.032064901207287326,348844.05,0.4682329042390278,1
862,20,13073.68,Vida,1002.71,Alta,0,180.0,2,0.07669684434680978,261473.6,0.6197727341681398,1
304,33,8822.41,Vida,1276.71,Baixa,1,365.0,0,0.14471215914925742,291139.52999999997,0.40397164690338017,1
413,47,4209.22,Vida,826.55,Alta,1,180.0,2,0.19636654772143056,197833.34000000003,0.6267823798834631,1
3023,52,2956.93,Residencial,732.42,Alta,0,365.0,2,0.24769609020166186,153760.36,0.4277521268969929,1
3042,38,8413.14,Vida,756.98,Baixa,1,365.0,0,0.0899759186225357,319699.31999999995,0.40674383868838776,1
1827,61,13647.2,Vida,283.74,Média,0,180.0,1,0.020791078023330793,832479.2000000001,0.4924421213881539,1
1643,25,9893.09,Empresarial,762.08,Baixa,0,365.0,0,0.07703154423946411,247327.25,0.4561014859517179,1
852,77,10652.23,Residencial,967.51,Média,1,365.0,1,0.09082699115584249,820221.71,0.4758986372553223,1
2821,25,17817.39,Residencial,1112.67,Baixa,1,180.0,0,0.06244854044279213,445434.75,0.5915897760549139,1
4792,68,6915.07,Empresarial,730.78,Média,1,365.0,1,0.10567933513326691,470224.76,0.4872782431712304,1
2646,65,3822.88,Empresarial,1139.6,Média,0,365.0,1,0.2980998618842338,248487.2,0.4715776342640369,1
2301,78,2091.45,Residencial,300.1,Média,1,180.0,1,0.1434889669846279,163133.09999999998,0.7853318490034965,1
202,73,14276.27,Empresarial,978.26,Baixa,0,180.0,0,0.06852350088643602,1042167.7100000001,0.7167240825657493,1
503,49,11591.28,Auto,917.78,Alta,0,365.0,2,0.07917848589629445,567972.7200000001,0.4815509049394475,1
3622,44,9907.89,Auto,1117.27,Alta,0,180.0,2,0.11276568472197411,435947.16,0.6949811020014015,1
2961,72,12683.37,Empresarial,1342.38,Baixa,1,365.0,0,0.10583780178296462,913202.64,0.4048135630524911,1
3641,60,3098.73,Residencial,533.19,Alta,1,365.0,2,0.17206726626714816,185923.8,0.46188042400743085,1
3775,57,12779.56,Residencial,302.31,Alta,1,365.0,2,0.023655744016225912,728434.9199999999,0.4910649129780235,1
1034,32,10310.85,Empresarial,787.68,Baixa,1,180.0,0,0.07639331383930519,329947.2,0.5905283523386061,1
2722,61,5956.68,Auto,453.89,Média,1,365.0,1,0.07619848640517872,363357.48000000004,0.4563342227761701,1
166,47,16265.63,Empresarial,1212.32,Alta,0,365.0,2,0.07453261877959845,764484.61,0.48596541460890047,1
2779,39,9522.64,Empresarial,130.89,Média,1,365.0,1,0.01374513790293448,371382.95999999996,0.5513571219996238,1
3666,65,13485.8,Residencial,492.35,Alta,1,365.0,2,0.03650877219000727,876577.0,0.4386660047898948,1
4469,72,4075.3,Saúde,488.66,Alta,0,365.0,2,0.11990773685372856,293421.60000000003,0.413806263812068,1
4536,29,8184.7,Empresarial,1468.44,Média,1,180.0,1,0.17941280682248587,237356.3,0.6135919254310094,1
557,53,6448.23,Residencial,198.76,Média,1,365.0,1,0.030823962544760344,341756.19,0.4706759505529255,1
1784,80,15028.92,Auto,386.82,Baixa,1,365.0,0,0.025738376410280976,1202313.6,0.4069223698298121,1
2373,66,11629.44,Auto,1400.36,Alta,0,365.0,2,0.12041508447526277,767543.04,0.5148164764363299,1
62,49,5022.58,Empresarial,492.72,Baixa,1,365.0,0,0.09810097599241825,246106.41999999998,0.6381037867106117,1
1923,75,9022.43,Auto,328.41,Baixa,1,180.0,0,0.036399284893315884,676682.25,0.543751732352733,1
868,39,8586.79,Saúde,1395.45,Baixa,1,365.0,0,0.16251125274986344,334884.81000000006,0.5059857712974356,1
3902,49,12785.58,Auto,1133.06,Alta,1,365.0,2,0.08862014863619797,626493.42,0.42054854887799403,1
3233,42,10500.13,Auto,1296.14,Baixa,0,365.0,0,0.12344037645248204,441005.45999999996,0.555889912447773,1
1008,48,6955.81,Residencial,421.73,Média,0,365.0,1,0.0606298906956918,333878.88,0.5430604434182896,1
4489,22,4689.73,Auto,152.73,Alta,0,180.0,2,0.03256690683685415,103174.06,0.806191687233577,1
3974,40,13626.02,Vida,1000.87,Média,1,365.0,1,0.07345284976831092,545040.8,0.4359622011356362,1
720,63,3479.8,Residencial,1290.51,Média,0,180.0,1,0.37085752054715787,219227.40000000002,0.8094000156093425,1
983,71,18481.08,Residencial,91.88,Média,1,180.0,1,0.004971570925508682,1312156.6800000002,0.4297699393090826,1
178,57,11933.44,Residencial,1216.14,Baixa,0,365.0,0,0.10191026225463908,680206.0800000001,0.4530124256812142,1
3697,80,13443.18,Residencial,1033.46,Baixa,0,180.0,0,0.0768761557905198,1075454.4,0.5710719042024471,1
3700,77,6771.84,Auto,433.07,Baixa,0,365.0,0,0.06395159956525848,521431.68,0.4685725651684387,1
2479,24,12374.55,Vida,1386.59,Baixa,0,180.0,0,0.11205175137681775,296989.19999999995,0.6128004441870384,1
3211,68,3519.91,Auto,523.13,Alta,0,365.0,2,0.14862027722299717,239353.88,0.4352147045017481,1
1260,57,9041.21,Auto,1269.25,Alta,1,180.0,2,0.14038497059574992,515348.97,0.6055224677625525,1
4944,61,16090.19,Auto,1127.15,Média,0,365.0,1,0.07005200062895467,981501.5900000001,0.4159346630259428,1
644,23,16832.32,Empresarial,1178.94,Alta,0,730.0,2,0.07004025588867133,387143.36,0.44563646459761075,1
2651,44,9793.02,Empresarial,1127.04,Alta,0,730.0,2,0.11508605108536488,430892.88,0.41090687895614525,1
1232,35,9427.39,Saúde,1204.7,Média,0,180.0,1,0.12778722424764438,329958.64999999997,0.7038564298885084,1
1211,30,14344.77,Auto,789.53,Baixa,1,180.0,0,0.05503957191366609,430343.10000000003,0.6440338517942731,1
703,75,5129.55,Residencial,1038.16,Alta,0,180.0,2,0.20238812371455586,384716.25,0.5244007352368063,1
4239,53,17248.18,Auto,101.27,Média,0,180.0,1,0.005871344107030422,914153.54,0.4390340789322948,1
2003,75,7053.13,Saúde,1426.02,Alta,1,180.0,2,0.2021825770969768,528984.75,0.42019079205273663,1
4635,40,16290.23,Saúde,904.8,Média,1,180.0,1,0.05554249387516321,651609.2,0.6691201199533333,1
1161,75,15914.54,Auto,840.76,Baixa,1,180.0,0,0.052829676509657204,1193590.5,0.746809145930973,1
465,58,8834.4,Empresarial,526.49,Alta,1,365.0,2,0.059595445078330166,512395.19999999995,0.46097584507836153,1
785,64,13464.76,Empresarial,926.35,Baixa,0,180.0,0,0.06879810705872218,861744.64,0.6427254503077553,1
495,54,2177.48,Saúde,1318.95,Média,1,180.0,1,0.6057231294891342,117583.92,0.4214437612853253,1
1187,60,3609.43,Vida,584.45,Média,1,180.0,1,0.16192307372632245,216565.8,0.6702112587379309,1
562,29,17762.9,Auto,817.69,Baixa,0,180.0,0,0.04603358685800179,515124.10000000003,0.4967307351711283,1
2143,55,16836.16,Vida,784.44,Baixa,0,180.0,0,0.04659257217797883,925988.8,0.46421266590886284,1
1052,41,8931.82,Saúde,1171.54,Alta,0,180.0,2,0.13116475701480773,366204.62,0.6674840339176044,1
3597,46,5372.17,Saúde,976.82,Baixa,1,730.0,0,0.1818296889338945,247119.82,0.41027839161443797,1
1802,31,6333.17,Saúde,536.71,Baixa,0,365.0,0,0.08474586976190439,196328.27,0.48701406375541306,1
2970,27,6651.81,Auto,603.05,Baixa,0,365.0,0,0.09065953477324216,179598.87000000002,0.45773952581945093,1
2832,40,5940.68,Saúde,635.39,Alta,1,180.0,2,0.10695576937320306,237627.2,0.7002118140804187,1
2739,32,16254.09,Residencial,1329.99,Média,1,180.0,1,0.08182494375261858,520130.88,0.45449956579059,1
204,60,6001.15,Residencial,584.51,Média,0,180.0,1,0.09739966506419603,360069.0,0.5512795248997719,1
1076,36,9075.88,Residencial,1363.16,Média,0,365.0,1,0.15019590386827505,326731.68,0.4363745248324317,1
1113,37,10557.18,Auto,280.79,Média,1,365.0,1,0.026597064746456914,390615.66000000003,0.42319180060974404,1
1059,53,3151.81,Saúde,260.52,Média,0,365.0,1,0.0826572667768679,167045.93,0.4818139116529249,1
956,23,3201.6,Auto,812.15,Média,1,180.0,1,0.25367003998001,73636.8,0.627418914347411,1
2399,40,2589.9,Saúde,986.51,Baixa,1,365.0,0,0.3809065987103749,103596.0,0.4730833151941598,1
3970,46,10394.36,Auto,1366.26,Alta,1,365.0,2,0.13144243609034129,478140.56000000006,0.6078361177221391,1
2803,54,18893.69,Empresarial,415.02,Alta,1,365.0,2,0.021966063802253556,1020259.2599999999,0.4214695739938379,1
1720,33,4413.68,Vida,894.88,Alta,0,365.0,2,0.20275144550579108,145651.44,0.4028220879170992,1
2278,52,17181.15,Auto,219.7,Alta,0,180.0,2,0.012787269769485743,893419.8,0.4560971294430456,1
4192,50,19984.1,Residencial,1170.62,Média,0,180.0,1,0.05857756916748815,999204.9999999999,0.6510008468267702,1
443,44,8208.06,Vida,1051.34,Média,1,365.0,1,0.12808629566548002,361154.63999999996,0.47352226691423777,1
3965,42,7566.96,Residencial,843.64,Média,0,180.0,1,0.11148995105035575,317812.32,0.6608740976282607,1
2439,21,13066.88,Vida,910.48,Média,1,365.0,1,0.06967845422931872,274404.48,0.42620976556896994,1
4386,64,14981.84,Auto,1044.51,Média,0,180.0,1,0.06971840574989453,958837.76,0.5507420401562244,1
2602,75,11391.1,Saúde,575.87,Média,0,180.0,1,0.05055438017399549,854332.5,0.5045219217654483,1
3792,72,19215.13,Empresarial,388.49,Alta,1,180.0,2,0.02021792202290591,1383489.36,0.4515131899404196,1
1659,46,9674.69,Empresarial,992.05,Baixa,1,365.0,0,0.10254075324377318,445035.74000000005,0.5642498498969398,1
2709,55,12939.51,Saúde,220.55,Média,0,180.0,1,0.017044694891846755,711673.05,0.5716414421884495,1
1109,52,4149.65,Empresarial,1490.44,Alta,0,180.0,2,0.3591724603279795,215781.8,0.4168707651286151,1
2373,66,11629.44,Vida,605.09,Média,1,180.0,1,0.052030880248748,767543.04,0.6204537641120156,1
2868,78,11677.29,Saúde,480.39,Alta,1,180.0,2,0.04113882587483911,910828.6200000001,0.5440841134051766,1
1227,43,18362.5,Empresarial,552.23,Média,0,365.0,1,0.030073791695030633,789587.5,0.41837913115806985,1
4853,41,15510.54,Empresarial,515.28,Alta,0,365.0,2,0.03322128049700397,635932.14,0.5159337330637576,1
4140,53,3325.04,Residencial,1455.94,Baixa,1,180.0,0,0.4378714241031687,176227.12,0.8575811392985604,1
3258,26,14694.15,Empresarial,1083.14,Baixa,1,180.0,0,0.07371232769503511,382047.89999999997,0.6097789086234793,1
1423,43,11899.56,Auto,1291.09,Média,1,180.0,1,0.1084989697098044,511681.07999999996,0.632815055151407,1
384,62,15207.93,Empresarial,649.54,Alta,1,365.0,2,0.04271061216089237,942891.66,0.46560071585651125,1
1309,69,5325.32,Auto,749.11,Baixa,0,180.0,0,0.1406694808950448,367447.07999999996,0.637155041370443,1
2879,79,10793.18,Residencial,1205.73,Baixa,1,180.0,0,0.11171221085907952,852661.22,0.4473143496854969,1
1732,70,12004.1,Residencial,1248.42,Média,1,365.0,1,0.10399946684882666,840287.0,0.5133005136655322,1
4864,37,13740.73,Residencial,663.79,Alta,1,365.0,2,0.04830820487703346,508407.01,0.425914562664216,1
2918,20,11714.79,Saúde,882.41,Alta,1,180.0,2,0.07532444030153335,234295.80000000002,0.668560484234659,1
680,36,7047.94,Saúde,643.1,Baixa,0,180.0,0,0.09124652025982061,253725.84,0.7116541811967828,1
4493,35,6070.75,Empresarial,658.27,Média,0,365.0,1,0.1084330601655479,212476.25,0.4599807210755943,1
1356,74,10425.65,Vida,514.5,Média,0,180.0,1,0.04934944104204534,771498.1,0.474980854848141,1
1287,66,4619.83,Vida,769.23,Média,1,180.0,1,0.16650612684882346,304908.77999999997,0.5586373828610447,1
2431,78,16065.15,Empresarial,1409.65,Alta,1,180.0,2,0.08774583492840092,1253081.7,0.7961572173283039,1
1721,66,11853.08,Empresarial,718.63,Alta,0,180.0,2,0.06062812366068566,782303.28,0.6021481808368292,1
685,75,7609.87,Vida,916.71,Média,0,180.0,1,0.12046329306545316,570740.25,0.48034920596330466,1
2090,49,14179.42,Vida,769.49,Baixa,0,365.0,0,0.05426808712909273,694791.58,0.44792505823401485,1
4604,22,3637.42,Empresarial,1134.0,Média,0,180.0,1,0.31175943388445654,80023.24,0.7061281210369409,1
853,40,7748.47,Residencial,269.54,Média,1,180.0,1,0.03478622231227584,309938.8,0.5819029852631376,1
4277,38,6142.57,Saúde,1253.45,Alta,0,365.0,2,0.20405953859703677,233417.65999999997,0.4663421930600324,1
276,57,15277.05,Auto,1151.48,Alta,0,180.0,2,0.07537319050471132,870791.85,0.5950916493140218,1
4681,71,13802.66,Vida,1097.36,Alta,0,180.0,2,0.07950351598894705,979988.86,0.6943992317535549,1
1407,27,2102.41,Saúde,1138.53,Média,0,365.0,1,0.5415356662116333,56765.06999999999,0.5183558271874669,1
2162,29,13180.02,Empresarial,568.7,Média,1,365.0,1,0.043148644690979225,382220.58,0.5418827577292654,1
4297,32,5158.49,Empresarial,1205.64,Alta,1,180.0,2,0.23371955746739845,165071.68,0.7461372049348537,1
4011,49,2802.45,Vida,673.3,Média,1,180.0,1,0.240254063408803,137320.05,0.6417971209892049,1
3725,66,3054.87,Vida,780.49,Baixa,1,180.0,0,0.25549041366735736,201621.41999999998,0.5534968226269386,1
115,36,7968.68,Empresarial,1346.73,Alta,1,365.0,2,0.16900289633916785,286872.48,0.6143477521752144,1
2596,49,1698.64,Auto,1232.79,Média,1,365.0,1,0.7257511891866434,83233.36,0.6768791651479901,1
1423,43,11899.56,Auto,1322.8,Alta,0,730.0,2,0.11116377412274067,511681.07999999996,0.4187550193444476,1
1379,40,7939.76,Vida,1364.33,Média,0,365.0,1,0.1718351688212238,317590.4,0.4132078954748593,1
2978,64,15866.96,Saúde,434.75,Baixa,0,180.0,0,0.027399703534892635,1015485.44,0.6968216582946453,1
1143,25,1550.65,Saúde,932.74,Alta,1,365.0,2,0.6015154935027246,38766.25,0.4567128359994449,1
1530,24,11234.55,Residencial,823.15,Alta,0,180.0,2,0.07326951235251969,269629.19999999995,0.5447535964463407,1
3474,45,6647.74,Auto,531.98,Baixa,0,365.0,0,0.08002418867163878,299148.3,0.5324353036846471,1
3105,53,18878.75,Auto,177.96,Alta,1,180.0,2,0.009426471561941336,1000573.75,0.43594391821580963,1
297,37,13836.55,Auto,1339.32,Baixa,0,180.0,0,0.09679580531274053,511952.35,0.6325814269357979,1
3086,78,6773.02,Residencial,992.02,Média,1,180.0,1,0.14646642118286968,528295.56,0.5280798937467548,1
128,49,10881.77,Vida,562.78,Alta,1,365.0,2,0.05171768930973545,533206.73,0.5311084800877924,1
2672,59,13172.63,Saúde,1426.21,Baixa,0,180.0,0,0.10827070979751197,777185.1699999999,0.7032996263821994,1
65,27,14971.95,Saúde,545.56,Média,0,365.0,1,0.03643880723619835,404242.65,0.4270864924678766,1
2569,69,6750.63,Residencial,661.73,Média,0,365.0,1,0.09802492508106651,465793.47000000003,0.5527281816798888,1
1208,30,5216.45,Auto,780.55,Baixa,1,365.0,0,0.14963241284781795,156493.5,0.41175738799885325,1
1001,26,6406.43,Empresarial,1121.48,Alta,1,365.0,2,0.17505537405388025,166567.18,0.4794986473633168,1
4892,79,10574.4,Auto,668.45,Baixa,1,180.0,0,0.06321398850052959,835377.6,0.6261142810894958,1
1647,24,13230.34,Empresarial,1240.81,Média,0,180.0,1,0.09378519372895934,317528.16000000003,0.6722208175668214,1
3648,57,7337.51,Auto,437.27,Alta,1,180.0,2,0.05959378590284715,418238.07,0.6450046100978873,1
4679,58,11025.49,Residencial,974.58,Alta,0,365.0,2,0.08839335031821716,639478.42,0.46513731002907127,1
1161,75,15914.54,Vida,1140.82,Baixa,1,365.0,0,0.07168413287471707,1193590.5,0.42149470560751995,1
2744,50,6742.77,Vida,801.74,Média,1,365.0,1,0.11890365532266411,337138.5,0.40995960502763074,1
3880,34,3376.64,Empresarial,927.76,Alta,1,180.0,2,0.27475833965125096,114805.76,0.7829641375712233,1
2868,78,11677.29,Auto,778.18,Baixa,1,365.0,0,0.06664046195649846,910828.6200000001,0.5112205197373428,1
330,57,4009.78,Empresarial,563.53,Média,1,365.0,1,0.14053888243245263,228557.46000000002,0.5029466457818643,1
77,69,2627.72,Auto,666.26,Baixa,1,180.0,0,0.2535506066095322,181312.68,0.6571843488262795,1
997,42,5586.56,Auto,816.88,Alta,0,365.0,2,0.1462223622408065,234635.52000000002,0.4637802095460954,1
4593,32,9916.47,Saúde,995.23,Média,0,365.0,1,0.10036131809000583,317327.04,0.5112023303972253,1
4532,46,10955.69,Residencial,1331.39,Alta,0,365.0,2,0.12152497925735395,503961.74000000005,0.6237767148861783,1
2250,30,17068.45,Vida,908.97,Alta,0,180.0,2,0.053254396269139845,512053.5,0.5919691287943445,1
3349,51,2097.08,Residencial,717.12,Baixa,0,180.0,0,0.3419612031968261,106951.08,0.6251598139030433,1
4624,53,10015.38,Saúde,174.86,Baixa,1,180.0,0,0.017459147830636484,530815.14,0.6220337259353611,1
3116,34,13571.67,Saúde,1202.28,Alta,0,365.0,2,0.08858747670699331,461436.78,0.48256343633881543,1
2419,53,4486.2,Auto,845.21,Baixa,0,180.0,0,0.1884022112255361,237768.59999999998,0.6920561089912444,1
3102,48,19867.34,Residencial,1352.99,Baixa,1,180.0,0,0.06810121536149279,953632.3200000001,0.496055824427894,1
1989,34,7199.58,Saúde,1268.17,Baixa,1,365.0,0,0.17614499734706748,244785.72,0.4743635490509789,1
413,47,4209.22,Auto,1362.7,Média,1,180.0,1,0.3237416908595892,197833.34000000003,0.7147479378916176,1
396,39,7076.26,Residencial,826.89,Alta,0,365.0,2,0.1168541008951056,275974.14,0.4526390041334483,1
3830,53,19453.09,Empresarial,1285.28,Baixa,1,180.0,0,0.06607073734815394,1031013.77,0.5180020173779782,1
2971,43,4864.64,Saúde,357.36,Alta,0,365.0,2,0.07346072885146691,209179.52000000002,0.48646396615494675,1
1085,34,12484.79,Saúde,1368.53,Baixa,0,730.0,0,0.10961578048169011,424482.86000000004,0.4003123403761021,1
488,28,8017.53,Empresarial,388.65,Média,1,180.0,1,0.04847502909250106,224490.84,0.6119399744770615,1
1954,75,9272.4,Residencial,909.13,Alta,1,365.0,2,0.09804689185108495,695430.0,0.516695790380168,1
3827,79,8872.09,Auto,504.9,Alta,1,365.0,2,0.05690880051938156,700895.11,0.4038427167265122,1
1746,57,8600.6,Saúde,795.1,Baixa,1,365.0,0,0.09244703857870382,490234.2,0.43895825479244455,1
1189,39,8416.97,Auto,492.15,Baixa,1,365.0,0,0.05847116004928139,328261.82999999996,0.43621877319577756,1
1539,40,7483.84,Auto,462.57,Alta,1,180.0,2,0.06180917817590969,299353.6,0.6537335139638129,1
1752,57,19183.84,Auto,471.54,Baixa,0,365.0,0,0.02458006321987673,1093478.8800000001,0.4205184292509524,1
827,67,6455.94,Auto,1258.85,Alta,1,180.0,2,0.1949909695567183,432547.98,0.5285810032516585,1
2623,64,9105.29,Vida,974.14,Média,1,180.0,1,0.10698615859571742,582738.56,0.4132674108918178,1
505,33,12648.5,Auto,184.23,Alta,1,180.0,2,0.01456536348183579,417400.5,0.6163465851739374,1
421,74,7242.55,Vida,288.11,Média,1,180.0,1,0.03978018791723909,535948.7000000001,0.4218719959352491,1
4080,53,10317.59,Auto,105.18,Alta,0,365.0,2,0.010194241097000366,546832.27,0.5595890371838832,1
2723,64,14448.32,Empresarial,1360.47,Média,1,180.0,1,0.09416112046244823,924692.48,0.42061595547226915,1
4920,55,8274.9,Empresarial,276.23,Baixa,1,365.0,0,0.033381672286069926,455119.5,0.40417440604172133,1
1211,30,14344.77,Residencial,1461.39,Baixa,0,180.0,0,0.10187615416629196,430343.10000000003,0.5694245043173015,1
4419,29,11493.9,Empresarial,698.83,Alta,0,365.0,2,0.060800076562350466,333323.1,0.5613578867062542,1
362,26,16172.28,Empresarial,288.59,Baixa,0,180.0,0,0.0178447318498072,420479.28,0.6109218436307343,1
1182,43,13294.46,Residencial,314.86,Baixa,0,730.0,0,0.02368354938824142,571661.7799999999,0.44138910351123745,1
2431,78,16065.15,Auto,972.38,Alta,1,180.0,2,0.06052729043924271,1253081.7,0.60672744142852,1
4376,51,5751.49,Residencial,1124.13,Média,1,180.0,1,0.19545022246409194,293325.99,0.6903011833656566,1
4010,25,11513.3,Residencial,1132.52,Média,0,180.0,1,0.09836623730815666,287832.5,0.5532033423524736,1
3687,41,10209.81,Vida,742.75,Média,1,365.0,1,0.07274866035704876,418602.20999999996,0.4940154302274843,1
3511,63,10097.61,Residencial,927.37,Média,1,180.0,1,0.09184054444566585,636149.43,0.5845584263777864,1
1721,66,11853.08,Empresarial,1377.48,Alta,1,730.0,2,0.11621283244523786,782303.28,0.44903768118168924,1
3099,75,2104.48,Empresarial,956.9,Média,0,180.0,1,0.45469664715274083,157836.0,0.5570783521584476,1
1379,40,7939.76,Empresarial,591.64,Média,0,365.0,1,0.07451610628029058,317590.4,0.5491302524057525,1
1834,26,15943.53,Auto,632.27,Alta,0,365.0,2,0.03965683885563611,414531.78,0.5534933861568413,1
2558,80,11445.67,Empresarial,683.63,Baixa,0,365.0,0,0.05972826405094678,915653.6,0.45127820535548846,1
2508,43,6050.34,Vida,1176.73,Baixa,1,180.0,0,0.1944898964355722,260164.62,0.5456897229682667,1
2860,62,18005.58,Residencial,502.65,Média,0,180.0,1,0.02791634593276084,1116345.9600000002,0.5306160851742141,1
1658,34,12393.95,Vida,766.63,Média,1,365.0,1,0.06185517934153357,421394.30000000005,0.40770870212620675,1
4895,51,13226.31,Vida,689.69,Média,1,180.0,1,0.052145307345737406,674541.8099999999,0.583266575140544,1
4273,40,14449.39,Residencial,316.9,Baixa,1,365.0,0,0.02193172168513688,577975.6,0.5384297527112224,1
2108,70,7781.48,Residencial,1346.18,Média,0,180.0,1,0.1729979386954667,544703.6,0.5175057278591428,1
3526,75,15686.58,Auto,254.11,Baixa,1,365.0,0,0.016199197020638025,1176493.5,0.6114508919640328,1
2717,36,5108.92,Vida,295.45,Baixa,1,180.0,0,0.057830226349208834,183921.12,0.45628180435989485,1
212,22,19639.45,Auto,1077.31,Alta,0,365.0,2,0.05485438747011754,432067.9,0.5693988318125561,1
159,49,8705.32,Saúde,1152.66,Média,1,180.0,1,0.13240868802065864,426560.68,0.6443661544744181,1
3326,43,7441.45,Residencial,359.19,Média,1,365.0,1,0.04826881857702464,319982.35,0.5322993814472706,1
3754,53,5339.7,Residencial,531.13,Baixa,1,365.0,0,0.09946813491394647,283004.1,0.5749432794290251,1
4497,80,14940.16,Auto,407.72,Baixa,1,180.0,0,0.02729020305003427,1195212.8,0.6546717641511616,1
4460,34,6927.71,Auto,1245.33,Média,0,365.0,1,0.17976070014478088,235542.14,0.44781464702925144,1
841,50,18497.22,Residencial,498.03,Baixa,1,365.0,0,0.026924586505431624,924861.0,0.49918124953510057,1
2705,65,16416.0,Empresarial,936.32,Baixa,0,365.0,0,0.05703703703703704,1067040.0,0.4378886419585815,1
1805,26,16995.86,Vida,651.03,Média,0,365.0,1,0.038305210798394426,441892.36,0.40902579867132616,1
4831,52,15739.2,Vida,434.25,Alta,0,180.0,2,0.027590347666971635,818438.4,0.5113647400549,1
2326,60,9530.34,Auto,445.89,Baixa,0,180.0,0,0.046786368587059854,571820.4,0.6281701992560472,1
4656,31,10401.71,Auto,1376.9,Média,1,180.0,1,0.1323724656811236,322453.00999999995,0.6678129100738,1
3264,32,16381.03,Empresarial,1025.75,Baixa,0,180.0,0,0.06261816259417143,524192.96,0.6381124494211033,1
1618,80,5771.86,Saúde,403.97,Baixa,0,180.0,0,0.06998957008659254,461748.8,0.5448315695944699,1
2628,42,10419.41,Vida,895.99,Baixa,0,365.0,0,0.0859923930433681,437615.22,0.47834528136507676,1
673,27,16640.08,Empresarial,598.63,Baixa,0,180.0,0,0.035975187619290284,449282.16000000003,0.6897329468633077,1
3376,55,2912.99,Residencial,826.75,Média,1,365.0,1,0.2838149118259932,160214.44999999998,0.430328832688501,1
1023,25,7204.54,Auto,1280.11,Média,0,365.0,1,0.17768101780266332,180113.5,0.45427022498140174,1
830,25,15115.79,Saúde,1124.4,Média,1,180.0,1,0.07438579128183179,377894.75,0.5264036702423274,1
1162,23,17779.08,Saúde,1043.55,Baixa,0,180.0,0,0.05869538806282439,408918.84,0.6287018991475846,1
2916,29,9925.66,Residencial,632.99,Média,0,365.0,1,0.06377308914470171,287844.14,0.408076694563504,1
4630,81,14714.02,Residencial,967.87,Baixa,0,365.0,0,0.06577876066499841,1191835.62,0.5885500514092205,1
4162,28,5214.58,Saúde,590.47,Alta,1,365.0,2,0.11323443115265276,146008.24,0.43601591284944685,1
388,58,17841.83,Empresarial,476.26,Média,1,365.0,1,0.026693450167387535,1034826.1400000001,0.5036351154170454,1
3116,34,13571.67,Residencial,1064.23,Alta,1,180.0,2,0.07841555239701525,461436.78,0.55292024584658,1
301,81,5185.51,Auto,339.35,Baixa,1,365.0,0,0.06544197195647102,420026.31,0.4507945560531166,1
1587,19,11245.78,Empresarial,556.81,Alta,0,365.0,2,0.04951279502177705,213669.82,0.53686628424098,1
407,45,17122.96,Empresarial,584.92,Média,0,365.0,1,0.034159981685409534,770533.2,0.5173192707405669,1
341,49,6006.02,Auto,106.82,Alta,1,365.0,2,0.017785488559811654,294294.98000000004,0.4105373676693345,1
3314,43,4836.93,Residencial,626.86,Alta,0,365.0,2,0.12959873308069375,207987.99000000002,0.4106501925953255,1
554,38,7407.35,Vida,369.41,Alta,1,180.0,2,0.04987073649820786,281479.3,0.5915188854396187,1
2159,31,8686.71,Auto,474.12,Alta,1,365.0,2,0.05457992726820626,269288.00999999995,0.4926592669212421,1
1348,25,17720.18,Residencial,1200.62,Baixa,0,180.0,0,0.06775439075675303,443004.5,0.5769915655847733,1
